"te","meaning","language","item","ipa","xsampa","lv","n_phon","n_syll","syll","freq","freq_syll","list"
115,"witch","Catalan","bruixa","ˈbɾu.ʃə","""b4u.S@",0.6,5,2,"b4u, S@",6.23320284831202,12.998986706407,"A, B, C, D"
115,"witch","Spanish","bruja","ˈbɾu.xa","""b4u.xa",0.6,5,2,"b4u, xa",6.23320284831202,13.4001074495982,"A, B, C, D"
148,"bee","Catalan","abella","əˈβɛ.ʎə","@""BE.L@",0.2,5,3,"@, BE, L@",6.08712760358779,20.4797401521933,"A, B, C, D"
148,"bee","Spanish","abeja","aˈβe.xa","a""Be.xa",0.2,5,3,"a, Be, xa",6.08712760358779,21.3603568496327,"A, B, C, D"
149,"animal","Catalan","animals","ˈæn.ɪ.məlz","""{n.I.m@lz",0.25,8,3,"{n, I, m@lz",5.90298958058641,17.7089687417592,"D"
149,"animal","Spanish","animales","a.niˈma.les","a.ni""ma.les",0.25,8,4,"a, ni, ma, les",5.90298958058641,27.6950403237839,"D"
150,"spider","Catalan","aranya","əˈɾa.ɲə","@""4a.J@",0.6,5,3,"@, 4a, J@",6.04167371797767,19.548553096976,"A"
150,"spider","Spanish","arana","aˈɾa.ɲa","a""4a.Ja",0.6,5,3,"a, 4a, Ja",6.04167371797767,21.3129455218066,"A"
153,"owl","Catalan","mussol","muˈsɔɫ","mu""sO5",0.2,5,2,"mu, sO5",5.9457279408415,12.5707732955393,"A, B, C, D"
153,"owl","Spanish","buho","ˈbu.o","""bu.o",0.2,3,2,"bu, o",5.9457279408415,13.6018749285618,"A, B, C, D"
154,"donkey","Catalan","ruc","ruk","ruk",0.25,3,1,"ruk",6.05630482548482,6.05630482548482,"A"
154,"donkey","Spanish","burro","ˈbu.ro","""bu.ro",0.25,4,2,"bu, ro",6.05630482548482,13.4213370724007,"A"
159,"snail","Catalan","cargol","kərˈɡɔl","k@r""gOl",0.285714285714286,6,2,"k@r, gOl",5.83837764687003,11.6767552937401,"A, B, C, D"
159,"snail","Spanish","caracol","ka.ɾaˈkol","ka.4a""kol",0.285714285714286,7,3,"ka, 4a, kol",5.83837764687003,20.5678117983783,"A, B, C, D"
160,"zebra","Catalan","zebra","ˈze.βɾə","""ze.B4@",0.6,5,2,"ze, B4@",6.13042549095604,12.8673423915067,"A, B, C, D"
160,"zebra","Spanish","cebra","ˈθe.βɾa","""Te.B4a",0.6,5,2,"Te, B4a",6.13042549095604,12.8978970975729,"A, B, C, D"
161,"pig","Catalan","porc","pɔrk","pOrk",0,4,1,"pOrk",6.11727165392701,6.11727165392701,"A, B, C, D"
161,"pig","Spanish","cerdo","ˈθeɾ.ðo","""Te4.Do",0,5,2,"Te4, Do",6.11727165392701,12.9850248247121,"A, B, C, D"
162,"deer","Catalan","cervol","ˈsɛɾ.vol","""sE4.vol",0.166666666666667,6,2,"sE4, vol",6.036948180737,12.073896361474,"A"
162,"deer","Spanish","ciervo","ˈθjeɾ.βo","""Tje4.Bo",0.166666666666667,6,2,"Tje4, Bo",6.036948180737,12.9538653453384,"A"
165,"crocodile","Catalan","cocodril","ku.kuˈðɾiɫ","ku.ku""D4i5",0.555555555555556,8,3,"ku, ku, D4i5",5.93342669302024,19.8313889473434,"D"
165,"crocodile","Spanish","cocodrilo","ko.koˈðɾi.lo","ko.ko""D4i.lo",0.555555555555556,9,4,"ko, ko, D4i, lo",5.93342669302024,27.2157233283565,"D"
166,"bunny","Catalan","conill","kuˈniʎ","ku""niL",0.333333333333333,5,2,"ku, niL",6.2668959566507,13.2158770838123,"A"
166,"bunny","Spanish","conejo","koˈne.xo","ko""ne.xo",0.333333333333333,6,3,"ko, ne, xo",6.2668959566507,20.9080671604478,"A"
167,"lamb","Catalan","xai","ʃaj","Saj",0,3,1,"Saj",6.13248969507866,6.13248969507866,"B"
167,"lamb","Spanish","cordero","koɾˈðe.ɾo","ko4""De.4o",0,7,3,"ko4, De, 4o",6.13248969507866,19.5808128132336,"B"
169,"dinosaur","Catalan","dinosaure","di.nuˈsaw.ɾə","di.nu""saw.4@",0.7,9,4,"di, nu, saw, 4@",6.13120318856067,26.6768352427579,"D"
169,"dinosaur","Spanish","dinosaurio","di.noˈsaw.ɾjo","di.no""saw.4jo",0.7,10,4,"di, no, saw, 4jo",6.13120318856067,25.6385555612145,"D"
170,"elephant","Catalan","elefant","ə.ləˈfan","@.l@""fan",0.5,6,3,"@, l@, fan",6.05831445108402,19.7221165278675,"A"
170,"elephant","Spanish","elefante","e.leˈfan.te","e.le""fan.te",0.5,8,4,"e, le, fan, te",6.05831445108402,26.3492018835085,"A"
172,"chicken","Catalan","gallina","ɡəˈʎi.nə","g@""Li.n@",0.666666666666667,6,3,"g@, Li, n@",6.12959113455831,20.7316502750092,"A, B, C, D"
172,"chicken","Spanish","gallina","ɡaˈʎi.na","ga""Li.na",0.666666666666667,6,3,"ga, Li, na",6.12959113455831,20.6641577238352,"A, B, C, D"
173,"cat","Catalan","gat","ɡat","gat",0.75,3,1,"gat",6.16393386980694,6.16393386980694,"A, B, C, D"
173,"cat","Spanish","gato","ˈɡa.to","""ga.to",0.75,4,2,"ga, to",6.16393386980694,14.102171207262,"A, B, C, D"
176,"ant","Catalan","formiga","fuɾˈmi.ɣə","fu4""mi.G@",0.571428571428571,7,3,"fu4, mi, G@",5.86619854102956,19.2290925292752,"B"
176,"ant","Spanish","hormiga","oɾˈmi.ɣa","o4""mi.Ga",0.571428571428571,6,3,"o4, mi, Ga",5.86619854102956,19.361663937588,"A, B, C, D"
177,"giraffe","Catalan","girafa","ʒiˈɾa.fə","Zi""4a.f@",0.666666666666667,6,3,"Zi, 4a, f@",5.9566548104316,18.5843982496301,"D"
177,"giraffe","Spanish","jirafa","xiˈɾa.fa","xi""4a.fa",0.666666666666667,6,3,"xi, 4a, fa",5.9566548104316,20.0049355123685,"D"
179,"lion","Catalan","lleo","ʎəˈo","L@""o",0.25,3,2,"L@, o",6.07186064556097,13.8535672503409,"A, B, C, D"
179,"lion","Spanish","leon","leˈon","le""on",0.25,4,2,"le, on",6.07186064556097,12.9711466375079,"A, B, C, D"
180,"wolf","Catalan","llop","ʎop","Lop",0.25,3,1,"Lop",5.94413604738376,5.94413604738376,"A, B, C, D"
180,"wolf","Spanish","lobo","ˈlo.βo","""lo.Bo",0.25,4,2,"lo, Bo",5.94413604738376,14.0297163339536,"A, B, C, D"
181,"parrot","Catalan","lloro","ˈʎɔ.ɾu","""LO.4u",0.25,4,2,"LO, 4u",6.01470876447691,12.5062191522904,"D"
181,"parrot","Spanish","loro","ˈlo.ɾo","""lo.4o",0.25,4,2,"lo, 4o",6.01470876447691,13.9475479631355,"D"
182,"butterfly","Catalan","papallona","pə.pəˈʎo.nə","p@.p@""Lo.n@",0.125,8,4,"p@, p@, Lo, n@",5.92394514797859,27.0526469491488,"A, B, C, D"
182,"butterfly","Spanish","mariposa","ma.ɾiˈpo.sa","ma.4i""po.sa",0.125,8,4,"ma, 4i, po, sa",5.92394514797859,27.8986058856966,"A, B, C, D"
183,"ladybug","Catalan","marieta","mə.ɾiˈɛ.tə","m@.4i""E.t@",0.5,7,4,"m@, 4i, E, t@",5.87731226990098,27.1846954772482,"B"
183,"ladybug","Spanish","mariquita","ma.ɾiˈki.ta","ma.4i""ki.ta",0.5,8,4,"ma, 4i, ki, ta",5.87731226990098,27.3568006036319,"B"
185,"fly (animal)","Catalan","mosca","ˈmos.kə","""mos.k@",0.8,5,2,"mos, k@",5.98948955665153,13.1215517681613,"D"
185,"fly (animal)","Spanish","mosca","ˈmos.ka","""mos.ka",0.8,5,2,"mos, ka",5.98948955665153,13.4300430200244,"D"
187,"bear","Catalan","os","os","os",0.666666666666667,2,1,"os",6.25929079829045,6.25929079829045,"B"
187,"bear","Spanish","oso","ˈo.so","""o.so",0.666666666666667,3,2,"o, so",6.25929079829045,14.0860548982744,"B"
189,"bird","Catalan","ocell","uˈseʎ","u""seL",0,4,2,"u, seL",6.18142803644294,13.0899572652526,"A, B, C, D"
189,"bird","Spanish","pajaro","ˈpa.xa.ɾo","""pa.xa.4o",0,6,3,"pa, xa, 4o",6.18142803644294,21.342944235858,"A, B, C, D"
190,"pigeon","Catalan","colom","kuˈlom","ku""lom",0.5,5,2,"ku, lom",5.55540877435704,12.5043899015186,"A, B, C, D"
190,"pigeon","Spanish","paloma","paˈlo.ma","pa""lo.ma",0.5,6,3,"pa, lo, ma",5.55540877435704,21.7382455680906,"A, B, C, D"
192,"panther","Catalan","pantera","paŋ.tɛ.ɾə","paN.tE.4@",0.571428571428571,7,3,"paN, tE, 4@",5.92810126364467,19.2365871609217,"C"
192,"panther","Spanish","pantera","panˈte.ɾa","pan""te.4a",0.571428571428571,7,3,"pan, te, 4a",5.92810126364467,20.9580305072336,"C"
193,"duck","Catalan","anec","ˈa.nək","""a.n@k",0,4,2,"a, n@k",6.21810946031747,12.9770933528032,"A, B, C, D"
193,"duck","Spanish","pato","ˈpa.to","""pa.to",0,4,2,"pa, to",6.21810946031747,14.6519382910072,"A, B, C, D"
194,"turkey","Catalan","galldindi","ɡaʎˈðin.di","gaL""Din.di",0.125,8,3,"gaL, Din, di",6.03999555543596,18.8409757147976,"A"
194,"turkey","Spanish","pavo","ˈpa.βo","""pa.Bo",0.125,4,2,"pa, Bo",6.03999555543596,14.2582080053899,"A"
196,"fish (animal)","Catalan","peix1","peʃ","peS",0.666666666666667,3,1,"peS",6.18185393432927,6.48288392999326,"A, B, C, D"
196,"fish (animal)","Spanish","pez","peθ","peT",0.666666666666667,3,1,"peT",6.18185393432927,6.18185393432927,"A, B, C, D"
197,"penguin","Catalan","pingui","piŋˈɡwi","piN""gwi",0.625,6,2,"piN, gwi",6.05922425587861,12.1184485117572,"D"
197,"penguin","Spanish","pinguino","pinˈɡwi.no","pin""gwi.no",0.625,8,3,"pin, gwi, no",6.05922425587861,19.1098629621247,"D"
198,"chick","Catalan","pollet","puˈʎɛt","pu""LEt",0.5,5,2,"pu, LEt",6.14519826671071,12.8735651942477,"A"
198,"chick","Spanish","pollito","poˈʎi.to","po""Li.to",0.5,6,3,"po, Li, to",6.14519826671071,20.763810399292,"A"
199,"octopus","Catalan","pop","pop","pop",0.4,3,1,"pop",5.9550190645217,5.9550190645217,"B"
199,"octopus","Spanish","pulpo","ˈpul.po","""pul.po",0.4,5,2,"pul, po",5.9550190645217,13.1314377260155,"B"
200,"frog","Catalan","granota","ɡɾəˈnɔ.tə","g4@""nO.t@",0.142857142857143,7,3,"g4@, nO, t@",6.14549551078982,20.3236211372511,"A, B, C, D"
200,"frog","Spanish","rana","ˈra.na","""ra.na",0.142857142857143,4,2,"ra, na",6.14549551078982,14.2325665876996,"A, B, C, D"
201,"rat","Catalan","rata","ˈra.tə","""ra.t@",0.75,4,2,"ra, t@",5.83435106422283,14.0290137234746,"D"
201,"rat","Spanish","rata","ˈra.ta","""ra.ta",0.75,4,2,"ra, ta",5.83435106422283,14.3077035094309,"D"
202,"mouse","Catalan","ratoli1","rə.tuˈli","r@.tu""li",0.333333333333333,6,3,"r@, tu, li",6.05227390003781,20.0891000509023,"A"
202,"mouse","Spanish","raton1","raˈton","ra""ton",0.333333333333333,5,2,"ra, ton",6.05227390003781,13.2609294622045,"A"
203,"snake","Catalan","serp","serp","serp",0.333333333333333,4,1,"serp",6.04361773911788,6.04361773911788,"B"
203,"snake","Spanish","serpiente","seɾˈpjen.te","se4""pjen.te",0.333333333333333,9,3,"se4, pjen, te",6.04361773911788,19.2497021120347,"B"
204,"tiger","Catalan","tigre","ˈti.ɣɾə","""ti.G4@",0.8,5,2,"ti, G4@",6.04416321685236,13.0615603088039,"C"
204,"tiger","Spanish","tigre","ˈti.ɣɾe","""ti.G4e",0.8,5,2,"ti, G4e",6.04416321685236,13.12392666838,"C"
206,"turtle","Catalan","tortuga","turˈtu.ɣə","tur""tu.G@",0.571428571428571,7,3,"tur, tu, G@",6.00542444026658,19.7059870705894,"A"
206,"turtle","Spanish","tortuga","toɾˈtu.ɣa","to4""tu.Ga",0.571428571428571,7,3,"to4, tu, Ga",6.00542444026658,19.4261157206832,"A"
207,"cow","Catalan","vaca","ˈba.kə","""ba.k@",0.75,4,2,"ba, k@",6.17698742870573,13.3090496402155,"A, B, C, D"
207,"cow","Spanish","vaca","ˈba.ka","""ba.ka",0.75,4,2,"ba, ka",6.17698742870573,14.3849907052741,"A, B, C, D"
208,"fox","Catalan","guineu","ɡiˈnɛw","gi""nEw",0,5,2,"gi, nEw",6.0215286040417,12.3213914741903,"A, B, C, D"
208,"fox","Spanish","zorro","ˈθo.ro","""To.ro",0,4,2,"To, ro",6.0215286040417,13.372447725066,"A, B, C, D"
214,"beard","Catalan","barba","ˈbar.βə","""bar.B@",0.6,5,2,"bar, B@",5.9362640949186,12.8348631445146,"D"
214,"beard","Spanish","barba","ˈbaɾ.βa","""ba4.Ba",0.6,5,2,"ba4, Ba",5.9362640949186,12.5369463322818,"D"
215,"chin","Catalan","barbeta","bərˈβɛ.tə","b@r""BE.t@",0.285714285714286,7,3,"b@r, BE, t@",5.7896681010058,20.1236232712046,"A"
215,"chin","Spanish","barbilla","baɾˈβi.ʎa","ba4""Bi.La",0.285714285714286,7,3,"ba4, Bi, La",5.7896681010058,19.5854643594906,"A"
216,"tummy","Catalan","panxa","ˈpaɲ.ʃə","""paJ.S@",0.166666666666667,5,2,"paJ, S@",5.89429932376219,12.6600831818572,"A, B, C, D"
216,"tummy","Spanish","barriga","baˈri.ɣa","ba""ri.Ga",0.166666666666667,6,3,"ba, ri, Ga",5.89429932376219,19.7265269675683,"A, B, C, D"
217,"mustache","Catalan","bigoti","biˈɣɔ.ti","bi""GO.ti",0.666666666666667,6,3,"bi, GO, ti",5.98850073952057,19.3153475147148,"C"
217,"mustache","Spanish","bigote","biˈɣo.te","bi""Go.te",0.666666666666667,6,3,"bi, Go, te",5.98850073952057,19.9856517976202,"C"
218,"mouth","Catalan","boca","ˈbo.kə","""bo.k@",0.75,4,2,"bo, k@",6.09543062446078,13.9048002957504,"A, B, C, D"
218,"mouth","Spanish","boca","ˈbo.ka","""bo.ka",0.75,4,2,"bo, ka",6.09543062446078,14.3530138778818,"A, B, C, D"
219,"arm","Catalan","brac","bɾas","b4as",0.666666666666667,4,1,"b4as",5.89873772490432,5.89873772490432,"A"
219,"arm","Spanish","brazo","ˈbɾa.θos","""b4a.Tos",0.666666666666667,6,2,"b4a, Tos",5.89873772490432,11.7974754498086,"A"
220,"head","Catalan","cap","kap","kap",0.333333333333333,3,1,"kap",6.05574490852964,6.05574490852964,"B"
220,"head","Spanish","cabeza","kaˈbe.θa","ka""be.Ta",0.333333333333333,6,3,"ka, be, Ta",6.05574490852964,21.2764250544453,"B"
221,"face","Catalan","cara","ˈka.ɾə","""ka.4@",0.75,4,2,"ka, 4@",5.97904376794839,14.2305696831198,"C"
221,"face","Spanish","cara","ˈka.ɾa","""ka.4a",0.75,4,2,"ka, 4a",5.97904376794839,14.7294341515082,"C"
222,"eyebrow","Catalan","cella","ˈsɛ.ʎə","""sE.L@",0,4,2,"sE, L@",5.77607538244006,12.7871896363879,"D"
222,"eyebrow","Spanish","ceja","ˈθe.xas","""Te.xas",0,5,2,"Te, xas",5.77607538244006,13.3671487091047,"D"
223,"neck","Catalan","coll","kɔʎ","kOL",0.4,3,1,"kOL",5.89781329037591,5.89781329037591,"A"
223,"neck","Spanish","cuello","ˈkue.ʎo","""kue.Lo",0.4,5,2,"kue, Lo",5.89781329037591,12.9223218850932,"A"
224,"butt","Catalan","cul","kuɫ","ku5",0.5,3,1,"ku5",5.77169590517457,5.77169590517457,"B"
224,"butt","Spanish","culo","ˈku.lo","""ku.lo",0.5,4,2,"ku, lo",5.77169590517457,13.7649499693179,"B"
225,"finger","Catalan","dit","dits","dits",0.4,4,1,"dits",5.9355041275414,5.9355041275414,"C"
225,"finger","Spanish","dedo","ˈde.ðos","""de.Dos",0.4,5,2,"de, Dos",5.9355041275414,11.8710082550828,"C"
226,"tooth","Catalan","dent","dens","dens",0.571428571428571,4,1,"dens",5.89654834598962,5.89654834598962,"D"
226,"tooth","Spanish","diente","ˈdjen.tes","""djen.tes",0.571428571428571,7,2,"djen, tes",5.89654834598962,12.4442738938839,"D"
227,"lip","Catalan","llavi","ˈʎa.βis","""La.Bis",0.5,5,2,"La, Bis",5.81151052322363,12.3233379613026,"A"
227,"lip","Spanish","labio","ˈla.βjos","""la.Bjos",0.5,6,2,"la, Bjos",5.81151052322363,12.5783579050914,"A"
228,"tongue","Catalan","llengua","ˈʎeŋ.ɡwə","""LeN.gw@",0.5,6,2,"LeN, gw@",5.91185559405105,11.8237111881021,"B"
228,"tongue","Spanish","lengua","ˈlen.ɡwa","""len.gwa",0.5,6,2,"len, gwa",5.91185559405105,12.2303207956141,"B"
230,"hand","Catalan","ma","mə","m@",0.2,2,1,"m@",6.04732343657776,7.11557819987879,"A, B, C, D"
230,"hand","Spanish","mano","ˈma.nos","""ma.nos",0.2,5,2,"ma, nos",6.04732343657776,13.3314789945276,"A, B, C, D"
231,"cheek","Catalan","galta","ˈɡaɫ.tə","""ga5.t@",0,5,2,"ga5, t@",5.73990848762105,13.264888729218,"A"
231,"cheek","Spanish","mejilla","meˈxi.ʎa","me""xi.La",0,6,3,"me, xi, La",5.73990848762105,19.8644966925073,"A"
232,"nose","Catalan","nas","nas","nas",0.4,3,1,"nas",6.11696258576223,6.11696258576223,"B"
232,"nose","Spanish","nariz","naˈɾiθ","na""4iT",0.4,5,2,"na, 4iT",6.11696258576223,13.4112234191021,"B"
233,"eye","Catalan","ull","uʎs","uLs",0.25,3,1,"uLs",5.96366976647216,5.96366976647216,"A, B, C, D"
233,"eye","Spanish","ojo","ˈo.xos","""o.xos",0.25,4,2,"o, xos",5.96366976647216,13.0219687229406,"A, B, C, D"
235,"ear","Catalan","orella","uˈɾɛ.ʎə","u""4E.L@",0.166666666666667,5,3,"u, 4E, L@",5.89749219078013,19.8171356735376,"A, B, C, D"
235,"ear","Spanish","oreja","o.ɾeˈxas","o.4e""xas",0.166666666666667,6,3,"o, 4e, xas",5.89749219078013,20.0664733543957,"A, B, C, D"
237,"foot","Catalan","peu","pɛw","pEw",0.333333333333333,3,1,"pEw",6.0783580305263,6.0783580305263,"A, B, C, D"
237,"foot","Spanish","pie","pie","pie",0.333333333333333,3,1,"pie",6.0783580305263,6.0783580305263,"A, B, C, D"
238,"leg","Catalan","cama","ˈka.mə","""ka.m@",0,4,2,"ka, m@",5.85455538562518,13.9657632493663,"A, B, C, D"
238,"leg","Spanish","pierna","ˈpjeɾ.nas","""pje4.nas",0,7,2,"pje4, nas",5.85455538562518,11.7091107712504,"A, B, C, D"
239,"knee","Catalan","genoll","ʒəˈnoʎs","Z@""noLs",0.285714285714286,6,2,"Z@, noLs",5.85859870389796,12.6119976983563,"A"
239,"knee","Spanish","rodilla","roˈɣi.ʎas","ro""Gi.Las",0.285714285714286,7,3,"ro, Gi, Las",5.85859870389796,18.8275872483298,"A"
240,"fingernail","Catalan","ungla","ˈuŋ.ɡɫə","""uN.g5@",0.2,5,2,"uN, g5@",5.72182423855839,11.4436484771168,"A, B, C, D"
240,"fingernail","Spanish","una1","ˈu.ɲas","""u.Jas",0.2,4,2,"u, Jas",5.72182423855839,11.9373096136505,"A, B, C, D"
241,"coat","Catalan","abric","əˈβɾik","@""B4ik",0.5,5,2,"@, B4ik",5.88513073558201,13.0893443422586,"A"
241,"coat","Spanish","abrigo","aˈβɾi.ɣo","a""B4i.Go",0.5,6,3,"a, B4i, Go",5.88513073558201,19.6943048643746,"A"
242,"bib","Catalan","pitet","piˈtɛt","pi""tEt",0,5,2,"pi, tEt",5.85452937767363,13.2720559163042,"A, B, C, D"
242,"bib","Spanish","babero","baˈβe.ɾo","ba""Be.4o",0,6,3,"ba, Be, 4o",5.85452937767363,20.5721384269859,"A, B, C, D"
245,"purse","Catalan","bossa1","ˈbo.sə","""bo.s@",0.6,4,2,"bo, s@",6.00785615329129,13.6532629881196,"A"
245,"purse","Spanish","bolso","ˈbol.so","""bol.so",0.6,5,2,"bol, so",6.00785615329129,13.613611592226,"A"
246,"boots","Catalan","bota","ˈbɔ.tə","""bO.t@",0.4,4,2,"bO, t@",5.935493704841,13.4604739464379,"B"
246,"boots","Spanish","bota","ˈbo.tas","""bo.tas",0.4,5,2,"bo, tas",5.935493704841,13.3559393398144,"B"
247,"button","Catalan","boto","buˈto","bu""to",0.6,4,2,"bu, to",5.9885802886538,13.0594004586302,"A, B, C, D"
247,"button","Spanish","boton","boˈton","bo""ton",0.6,5,2,"bo, ton",5.9885802886538,13.2350841223537,"A, B, C, D"
248,"scarf","Catalan","bufanda","buˈfan.ðə","bu""fan.D@",0.857142857142857,7,3,"bu, fan, D@",5.74010761640651,19.7417339168111,"D"
248,"scarf","Spanish","bufanda","buˈfan.ða","bu""fan.Da",0.857142857142857,7,3,"bu, fan, Da",5.74010761640651,19.7265674907489,"D"
249,"sock","Catalan","mitjo","miˈdʒo","mi""dZo",0.1,5,2,"mi, dZo",6.03270027109711,12.8226202831323,"A, B, C, D"
249,"sock","Spanish","calcetin","kalˈθeˈti.nes","kal""Te""ti.nes",0.1,10,4,"kal, Te, ti, nes",6.03270027109711,26.5150179074429,"A, B, C, D"
250,"shirt","Catalan","samarreta","sə.məˈrɛ.tə","s@.m@""rE.t@",0.25,8,4,"s@, m@, rE, t@",6.01657894491926,27.5376622902739,"A, B, C, D"
250,"shirt","Spanish","camiseta","ka.miˈse.ta","ka.mi""se.ta",0.25,8,4,"ka, mi, se, ta",6.01657894491926,27.9863400733974,"A, B, C, D"
251,"jacket","Catalan","jaqueta","ʒəˈkɛ.tə","Z@""kE.t@",0.285714285714286,6,3,"Z@, kE, t@",5.95243935379776,20.7543990645618,"C"
251,"jacket","Spanish","chaqueta","tʃaˈke.ta","tSa""ke.ta",0.285714285714286,7,3,"tSa, ke, ta",5.95243935379776,20.73361026802,"C"
252,"belt","Catalan","cinturo","sin.tuˈɾo","sin.tu""4o",0.75,7,3,"sin, tu, 4o",5.85331820133232,19.5860779866585,"D"
252,"belt","Spanish","cinturon","θin.tuˈɾon","Tin.tu""4on",0.75,8,3,"Tin, tu, 4on",5.85331820133232,18.7732533776399,"D"
253,"necklace","Catalan","collaret","ku.ʎəˈɾɛt","ku.L@""4Et",0.428571428571429,7,3,"ku, L@, 4Et",5.78926638284062,19.74936176395,"A"
253,"necklace","Spanish","collar","koˈʎaɾ","ko""La4",0.428571428571429,5,2,"ko, La4",5.78926638284062,12.8740151158326,"A"
255,"zipper","Catalan","cremallera","kɾə.məˈʎe.ɾə","k4@.m@""Le.4@",0.666666666666667,9,4,"k4@, m@, Le, 4@",6.02014745538956,27.3812624836116,"C"
255,"zipper","Spanish","cremallera","kɾe.maˈʎe.ɾa","k4e.ma""Le.4a",0.666666666666667,9,4,"k4e, ma, Le, 4a",6.02014745538956,27.2085228771129,"C"
256,"skirt","Catalan","faldilla","fəɫˈdi.ʎə","f@5""di.L@",0.142857142857143,7,3,"f@5, di, L@",5.94798778253309,19.7200866404065,"D"
256,"skirt","Spanish","falda","ˈfal.ða","""fal.Da",0.142857142857143,5,2,"fal, Da",5.94798778253309,12.9022240541854,"D"
257,"glasses","Catalan","ulleres","uˈʎe.ɾəs","u""Le.4@s",0.166666666666667,6,3,"u, Le, 4@s",6.04349970276785,19.720928964743,"A, B, C, D"
257,"glasses","Spanish","gafas","ˈɡa.fas","""ga.fas",0.166666666666667,5,2,"ga, fas",6.04349970276785,12.8350234598113,"A, B, C, D"
258,"glove","Catalan","guant","ˈɡwans","""gwans",0.714285714285714,5,1,"gwans",5.83784025726279,5.83784025726279,"B"
258,"glove","Spanish","guante","ˈɡwan.tes","""gwan.tes",0.714285714285714,7,2,"gwan, tes",5.83784025726279,12.3855658051571,"B"
262,"pants","Catalan","pantalo","pən.təˈɫo","p@n.t@""5o",0.4,7,3,"p@n, t@, 5o",5.99747264021903,19.7598389478283,"B"
262,"pants","Spanish","pantalon","pan.taˈlo.nes","pan.ta""lo.nes",0.4,10,4,"pan, ta, lo, nes",5.99747264021903,27.623962687924,"B"
264,"earring","Catalan","arracades","ə.rəˈka.ðə","@.r@""ka.D@",0,7,4,"@, r@, ka, D@",5.80727328942591,27.9316325203835,"A, B, C, D"
264,"earring","Spanish","pendientes","penˈðjen.tes","pen""Djen.tes",0,10,3,"pen, Djen, tes",5.80727328942591,18.1622721267461,"A, B, C, D"
265,"pajamas","Catalan","pijama","piˈʒa.mə","pi""Za.m@",0.666666666666667,6,3,"pi, Za, m@",5.91845034090375,20.3492437972402,"A"
265,"pajamas","Spanish","pijama","piˈxa.ma","pi""xa.ma",0.666666666666667,6,3,"pi, xa, ma",5.91845034090375,21.0645142393234,"A"
266,"clothes","Catalan","roba","ˈrɔ.βə","""rO.B@",0.25,4,2,"rO, B@",5.98982254025462,13.1867180186356,"B"
266,"clothes","Spanish","ropa","ˈro.pa","""ro.pa",0.25,4,2,"ro, pa",5.98982254025462,14.2190519410958,"B"
267,"sandal","Catalan","sandalia","sənˈða.ɫi.ə","s@n""Da.5i.@",0.444444444444444,8,4,"s@n, Da, 5i, @",5.73245282788923,25.2824851718687,"C"
267,"sandal","Spanish","sandalia","sanˈða.ljas","san""Da.ljas",0.444444444444444,9,3,"san, Da, ljas",5.73245282788923,19.0802714612329,"C"
269,"dress (action)","Catalan","vestit","bəsˈtit","b@s""tit",0.571428571428571,6,2,"b@s, tit",6.0525548379285,12.105109675857,"A"
269,"dress (action)","Spanish","vestido","besˈti.ðo","bes""ti.Do",0.571428571428571,7,3,"bes, ti, Do",6.0525548379285,20.0000714602412,"A"
270,"sneaker","Catalan","sabatilla","sə.βəˈti.ʎə","s@.B@""ti.L@",0.333333333333333,8,4,"s@, B@, ti, L@",5.7089717320397,27.5350631261166,"B"
270,"sneaker","Spanish","zapatillas","θa.paˈti.ʎas","Ta.pa""ti.Las",0.333333333333333,9,4,"Ta, pa, ti, Las",5.7089717320397,27.364024935173,"B"
271,"shoe","Catalan","sabata","saˈβə.tə","sa""B@.t@",0.285714285714286,6,3,"sa, B@, t@",6.15233510458656,20.8217255587108,"A, B, C, D"
271,"shoe","Spanish","zapato","θaˈpa.tos","Ta""pa.tos",0.285714285714286,7,3,"Ta, pa, tos",6.15233510458656,20.8324369050781,"A, B, C, D"
272,"yellow","Catalan","groc","ɡɾɔk","g4Ok",0.142857142857143,4,1,"g4Ok",6.08465171587071,6.08465171587071,"A, B, C, D"
272,"yellow","Spanish","amarillo","a.maˈɾi.ʎo","a.ma""4i.Lo",0.142857142857143,7,4,"a, ma, 4i, Lo",6.08465171587071,28.5350990304221,"A, B, C, D"
273,"blue","Catalan","blau","bɫaw","b5aw",0,4,1,"b5aw",6.18107493714504,6.18107493714504,"A, B, C, D"
273,"blue","Spanish","azul","aˈθul","a""Tul",0,4,2,"a, Tul",6.18107493714504,13.5815747941901,"A, B, C, D"
274,"white","Catalan","blanc","bɫaŋ","b5aN",0.333333333333333,4,1,"b5aN",5.9969053602321,5.9969053602321,"A, B, C, D"
274,"white","Spanish","blanco","ˈblan.ko","""blan.ko",0.333333333333333,6,2,"blan, ko",5.9969053602321,13.0816540932241,"A, B, C, D"
276,"black","Catalan","negre","ˈnɛ.ɣɾə","""nE.G4@",0.6,5,2,"nE, G4@",5.98525125272952,12.5235538676815,"A, B, C, D"
276,"black","Spanish","negro","ˈne.ɣɾo","""ne.G4o",0.6,5,2,"ne, G4o",5.98525125272952,13.0998358392405,"A, B, C, D"
277,"red","Catalan","vermell","bərˈmɛʎ","b@r""mEL",0.166666666666667,6,2,"b@r, mEL",6.1883003818277,12.5225311198665,"A, B, C, D"
277,"red","Spanish","rojo","ˈro.xo","""ro.xo",0.166666666666667,4,2,"ro, xo",6.1883003818277,13.5864949412521,"A, B, C, D"
279,"green","Catalan","verd","bɛrt","bErt",0.2,4,1,"bErt",6.13723779903655,6.13723779903655,"A, B, C, D"
279,"green","Spanish","verde","ˈbeɾ.ðe","""be4.De",0.2,5,2,"be4, De",6.13723779903655,12.7508121234082,"A, B, C, D"
338,"water (beverage)","Catalan","aigua1","ˈaj.ɣwə","""aj.Gw@",0.6,5,2,"aj, Gw@",6.22816391678412,13.0583878248962,"A, B, C, D"
338,"water (beverage)","Spanish","agua1","ˈa.ɣwa","""a.Gwa",0.6,4,2,"a, Gwa",6.22816391678412,13.9296937694932,"A, B, C, D"
339,"beans","Catalan","mongeta","muɲˈʒɛ.təs","muJ""ZE.t@s",0.125,8,3,"muJ, ZE, t@s",6.10230150507337,18.8870585585141,"B"
339,"beans","Spanish","alubia","aˈlu.bjas","a""lu.bjas",0.125,7,3,"a, lu, bjas",6.10230150507337,19.9140563528534,"B"
341,"rice","Catalan","arros","əˈrɔs","@""rOs",0.25,4,2,"@, rOs",6.17005729443358,13.3742709011102,"D"
341,"rice","Spanish","arroz","aˈroθ","a""roT",0.25,4,2,"a, roT",6.17005729443358,13.5705571514787,"D"
342,"fish (food)","Catalan","toniya","tuˈɲi.nə","tu""Ji.n@",0.333333333333333,6,3,"tu, Ji, n@",6.18185393432927,20.5725014636223,"A"
342,"fish (food)","Spanish","atun","aˈtun","a""tun",0.333333333333333,4,2,"a, tun",6.18185393432927,13.5823537913743,"A"
343,"sugar","Catalan","sucre","ˈsu.kɾə","""su.k4@",0.333333333333333,5,2,"su, k4@",6.00833705712669,12.8812878651185,"B"
343,"sugar","Spanish","azucar","aˈθu.kaɾ","a""Tu.ka4",0.333333333333333,6,3,"a, Tu, ka4",6.00833705712669,20.4703060912024,"B"
345,"smoothie","Catalan","batut","bəˈtut","b@""tut",0.333333333333333,5,2,"b@, tut",6.16528592016552,12.9383709709983,"D"
345,"smoothie","Spanish","batido","baˈti.ðo","ba""ti.Do",0.333333333333333,6,3,"ba, ti, Do",6.16528592016552,20.891953864214,"D"
346,"drink (beverage)","Catalan","beguda","bəˈɣu.ðə","b@""Gu.D@",0.333333333333333,6,3,"b@, Gu, D@",6.15592732960003,19.8970087479001,"A"
346,"drink (beverage)","Spanish","bebida","beˈβi.ða","be""Bi.Da",0.333333333333333,6,3,"be, Bi, Da",6.15592732960003,20.2497099341903,"A"
349,"bottle","Catalan","bibero","bi.βəˈɾo","bi.B@""4o",0.714285714285714,6,3,"bi, B@, 4o",6.20693017249251,19.8468125906569,"D"
349,"bottle","Spanish","biberon","bi.βeˈɾon","bi.Be""4on",0.714285714285714,7,3,"bi, Be, 4on",6.20693017249251,19.7411659323623,"D"
351,"sandwich","Catalan","entrepa","en.tɾəˈpa","en.t4@""pa",0,7,3,"en, t4@, pa",6.1532488330107,19.5684377461076,"A, B, C, D"
351,"sandwich","Spanish","bocadillo","bo.kaˈði.ʎo","bo.ka""Di.Lo",0,8,4,"bo, ka, Di, Lo",6.1532488330107,28.0206074368603,"A, B, C, D"
352,"bun","Catalan","bollo","bɾiˈɔʃ","b4i""OS",0.2,5,2,"b4i, OS",5.78711537124506,11.5742307424901,"C"
352,"bun","Spanish","bollo","ˈbo.ʎo","""bo.Lo",0.2,4,2,"bo, Lo",5.78711537124506,13.9369690092263,"C"
353,"coffee","Catalan","cafe","kəˈfɛ","k@""fE",0.5,4,2,"k@, fE",6.17481295705149,13.3068751685612,"D"
353,"coffee","Spanish","cafe","kaˈfe","ka""fe",0.5,4,2,"ka, fe",6.17481295705149,13.7829909350487,"D"
354,"candy","Catalan","caramel","kə.ɾəˈmɛɫ","k@.4@""mE5",0.375,7,3,"k@, 4@, mE5",6.02212714620866,20.5345739913508,"A"
354,"candy","Spanish","caramelo","ka.ɾaˈme.lo","ka.4a""me.lo",0.375,8,4,"ka, 4a, me, lo",6.02212714620866,28.6883606749802,"A"
355,"meat","Catalan","carn","karn","karn",0.6,4,1,"karn",6.1986931278871,6.1986931278871,"B"
355,"meat","Spanish","carne","ˈkaɾ.ne","""ka4.ne",0.6,5,2,"ka4, ne",6.1986931278871,13.6549066964238,"B"
356,"cereal","Catalan","cereals","sə.ɾeˈaɫs","s@.4e""a5s",0.5,7,3,"s@, 4e, a5s",6.09895759413481,19.0784400921486,"C"
356,"cereal","Spanish","cereales","θe.ɾeˈa.les","Te.4e""a.les",0.5,8,4,"Te, 4e, a, les",6.09895759413481,26.889433225772,"C"
358,"chocolate","Catalan","xocolata","ʃu.kuˈɫa.tə","Su.ku""5a.t@",0.444444444444444,8,4,"Su, ku, 5a, t@",6.09539650030668,26.9672374223935,"A"
358,"chocolate","Spanish","chocolate","tʃo.koˈla.te","tSo.ko""la.te",0.444444444444444,9,4,"tSo, ko, la, te",6.09539650030668,27.2728500380207,"A"
359,"sausage","Catalan","xorico","ʃuˈɾi.su","Su""4i.su",0.428571428571429,6,3,"Su, 4i, su",5.7550934342154,19.6306797864772,"B"
359,"sausage","Spanish","chorizo","tʃoˈɾi.θo","tSo""4i.To",0.428571428571429,7,3,"tSo, 4i, To",5.7550934342154,19.5794089348306,"B"
362,"food","Catalan","menjar2","məɲˈʒa","m@J""Za",0.166666666666667,5,2,"m@J, Za",6.1528984236554,12.5052348096144,"A"
362,"food","Spanish","comida","koˈmi.ða","ko""mi.Da",0.166666666666667,6,3,"ko, mi, Da",6.1528984236554,20.7046549587092,"A"
365,"steak","Catalan","filet","fiˈlɛ","fi""lE",0.5,4,2,"fi, lE",5.93742568956491,12.1645119471252,"D"
365,"steak","Spanish","filete","fiˈle.te","fi""le.te",0.5,6,3,"fi, le, te",5.93742568956491,19.9991783153108,"D"
366,"strawberry","Catalan","maduixa","məˈðu.ʃə","m@""Du.S@",0,6,3,"m@, Du, S@",5.86379525407737,19.7451573120511,"A, B, C, D"
366,"strawberry","Spanish","fresa","ˈfɾe.sa","""f4e.sa",0,5,2,"f4e, sa",5.86379525407737,12.7775207454928,"A, B, C, D"
367,"fruit","Catalan","fruita","ˈfɾuj.tə","""f4uj.t@",0.666666666666667,6,2,"f4uj, t@",5.93868059720675,13.4636608388037,"B"
367,"fruit","Spanish","fruta","ˈfɾu.ta","""f4u.ta",0.666666666666667,5,2,"f4u, ta",5.93868059720675,13.3080783522779,"B"
368,"cookie","Catalan","galeta","ɡəˈɫɛ.tə","g@""5E.t@",0.333333333333333,6,3,"g@, 5E, t@",6.3571696601536,20.9263120907143,"A, B, C, D"
368,"cookie","Spanish","galleta","ɡaˈʎe.ta","ga""Le.ta",0.333333333333333,6,3,"ga, Le, ta",6.3571696601536,20.7762606877527,"A, B, C, D"
370,"peas","Catalan","pesol","ˈpɛ.zuɫs","""pE.zu5s",0.125,6,2,"pE, zu5s",6.14969567306426,12.5855000399617,"A"
370,"peas","Spanish","guisante","ɡiˈsan.tes","gi""san.tes",0.125,8,3,"gi, san, tes",6.14969567306426,19.3133651704045,"A"
371,"chips","Catalan","gusanitos","ɡu.saˈnitus","gu.sa""nitus",0.888888888888889,9,3,"gu, sa, nitus",6.03383963640869,18.4658255403353,"B"
371,"chips","Spanish","gusanitos","ɡu.saˈni.tos","gu.sa""ni.tos",0.888888888888889,9,4,"gu, sa, ni, tos",6.03383963640869,26.2843884354998,"B"
373,"ice","Catalan","gel","ʒɛɫ","ZE5",0,3,1,"ZE5",6.13518219718105,6.13518219718105,"D"
373,"ice","Spanish","hielo","ˈʝe.lo","""j\e.lo",0,4,2,"j\e, lo",6.13518219718105,13.2479813665333,"D"
374,"egg","Catalan","ou","ɔw","Ow",0,2,1,"Ow",6.15610278994263,6.15610278994263,"A, B, C, D"
374,"egg","Spanish","huevo","ˈwe.βo","""we.Bo",0,4,2,"we, Bo",6.15610278994263,13.073019954544,"A, B, C, D"
375,"ham","Catalan","pernil","pərˈniɫ","p@r""ni5",0,6,2,"p@r, ni5",6.03680630283145,12.3389876558674,"A, B, C, D"
375,"ham","Spanish","jamonyork","ˈxaˈmon","""xa""mon",0,5,2,"xa, mon",6.03680630283145,13.4421112473161,"A, B, C, D"
377,"milk","Catalan","llet","ʎet","Let",0.4,3,1,"Let",6.22045329027712,6.22045329027712,"A, B, C, D"
377,"milk","Spanish","leche","ˈle.tʃe","""le.tSe",0.4,5,2,"le, tSe",6.22045329027712,13.4798923352497,"A, B, C, D"
378,"lettuce","Catalan","enciam","ən.siˈam","@n.si""am",0,6,3,"@n, si, am",5.93878909842143,18.9723896074725,"A, B, C, D"
378,"lettuce","Spanish","lechuga","letˈʃu.ɣa","let""Su.Ga",0,7,3,"let, Su, Ga",5.93878909842143,18.4090477418122,"A, B, C, D"
379,"beans","Catalan","llenties","ʎənˈti.əs","L@n""ti.@s",0.375,7,3,"L@n, ti, @s",6.10230150507337,19.6162734136107,"B"
379,"beans","Spanish","lentejas","lenˈte.xas","len""te.xas",0.375,8,3,"len, te, xas",6.10230150507337,20.0806089378499,"B"
380,"lemon","Catalan","llimona","ʎiˈmo.nə","Li""mo.n@",0.666666666666667,6,3,"Li, mo, n@",5.90096819485785,20.33013027025,"A, B, C, D"
380,"lemon","Spanish","limon","liˈmon","li""mon",0.666666666666667,5,2,"li, mon",5.90096819485785,13.1287608332937,"A, B, C, D"
381,"pasta","Catalan","macarrons","mə.kəˈrons","m@.k@""rons",0.666666666666667,8,3,"m@, k@, rons",6.20410920959309,20.4517496209816,"D"
381,"pasta","Spanish","macarrones","ma.kaˈro.nes","ma.ka""ro.nes",0.666666666666667,9,4,"ma, ka, ro, nes",6.20410920959309,28.2375526998312,"D"
382,"tangerine","Catalan","mandarina","mən.ðəˈɾi.nə","m@n.D@""4i.n@",0.666666666666667,9,4,"m@n, D@, 4i, n@",6.22578726859696,27.1236672771164,"A"
382,"tangerine","Spanish","mandarina","man.ðaˈɾi.na","man.Da""4i.na",0.666666666666667,9,4,"man, Da, 4i, na",6.22578726859696,27.5796082925244,"A"
384,"apple","Catalan","poma","ˈpo.mə","""po.m@",0,4,2,"po, m@",6.18108374681065,13.6108074035374,"A, B, C, D"
384,"apple","Spanish","manzana","manˈθa.na","man""Ta.na",0,7,3,"man, Ta, na",6.18108374681065,20.6511801988944,"A, B, C, D"
386,"melon","Catalan","melo","məˈɫo","m@""5o",0.4,4,2,"m@, 5o",5.86461508457553,13.3529642658911,"A"
386,"melon","Spanish","melon","meˈlon","me""lon",0.4,5,2,"me, lon",5.86461508457553,12.7113351904075,"A"
389,"orange (food)","Catalan","taronja","ˈtɾɔɲ.ʒə","""t4OJ.Z@",0.142857142857143,6,2,"t4OJ, Z@",6.08269646258042,12.8360954570388,"A, B, C, D"
389,"orange (food)","Spanish","naranja","naˈɾan.xa","na""4an.xa",0.142857142857143,7,3,"na, 4an, xa",6.08269646258042,20.5438618972065,"A, B, C, D"
391,"olive","Catalan","oliva","uˈɫi.βə","u""5i.B@",0.4,5,3,"u, 5i, B@",5.65245142853089,20.4204941878193,"B"
391,"olive","Spanish","oliva","oˈli.βa","o""li.Ba",0.4,5,3,"o, li, Ba",5.65245142853089,20.0303544900558,"B"
393,"bread","Catalan","pa","pa","pa",0.666666666666667,2,1,"pa",6.1366237525504,6.78013810056507,"A, B, C, D"
393,"bread","Spanish","pan","pan","pan",0.666666666666667,3,1,"pan",6.1366237525504,6.50668318529925,"A, B, C, D"
394,"raisin","Catalan","panses","ˈpan.səs","""pan.s@s",0.666666666666667,6,2,"pan, s@s",6.01793685019876,12.0358737003975,"A"
394,"raisin","Spanish","pasas","ˈpa.sas","""pa.sas",0.666666666666667,5,2,"pa, sas",6.01793685019876,13.3592276909873,"A"
397,"potato","Catalan","patata","pəˈta.tə","p@""ta.t@",0.666666666666667,6,3,"p@, ta, t@",6.09884148339793,20.9223606770355,"D"
397,"potato","Spanish","patata","paˈta.ta","pa""ta.ta",0.666666666666667,6,3,"pa, ta, ta",6.09884148339793,22.0800863509309,"D"
399,"pear","Catalan","pera2","ˈpɛ.ɾə","""pE.4@",0.5,4,2,"pE, 4@",6.11932211332837,13.8161890005298,"B"
399,"pear","Spanish","pera","ˈpe.ɾa","""pe.4a",0.5,4,2,"pe, 4a",6.11932211332837,14.057146625554,"B"
400,"fish (food)","Catalan","peix2","peʃ","peS",0.285714285714286,3,1,"peS",6.18185393432927,6.48288392999326,"C"
400,"fish (food)","Spanish","pescado","pesˈka.ðo","pes""ka.Do",0.285714285714286,7,3,"pes, ka, Do",6.18185393432927,20.4901605684871,"C"
402,"pizza","Catalan","pizza","ˈpid.zə","""pid.z@",0.6,5,2,"pid, z@",6.38985145057617,13.0219073290648,"A"
402,"pizza","Spanish","pizza","ˈpid.sa","""pid.sa",0.6,5,2,"pid, sa",6.38985145057617,13.3035769419916,"A"
404,"chicken (food)","Catalan","pollastre","puˈʎas.tɾə","pu""Las.t4@",0.25,8,3,"pu, Las, t4@",6.12959113455831,19.4930088746272,"C"
404,"chicken (food)","Spanish","pollo","ˈpo.ʎo","""po.Lo",0.25,4,2,"po, Lo",6.12959113455831,13.8992984103387,"C"
405,"applesauce","Catalan","potet","puˈtɛt","pu""tEt",0.5,5,2,"pu, tEt",6.2414100037862,13.1190936324387,"D"
405,"applesauce","Spanish","potito","poˈti.to","po""ti.to",0.5,6,3,"po, ti, to",6.2414100037862,21.2652007173678,"D"
407,"cheese","Catalan","formatge","furˈma.dʒə","fur""ma.dZ@",0,8,3,"fur, ma, dZ@",6.28380773484906,19.9584468808831,"A, B, C, D"
407,"cheese","Spanish","queso","ˈke.so","""ke.so",0,4,2,"ke, so",6.28380773484906,13.7840647901708,"A, B, C, D"
408,"sausage","Catalan","salsitxa","səɫˈsi.t͡ʃə","s@5""si.t͡S@",0.333333333333333,9,3,"s@5, si, t͡S@",5.7550934342154,19.1616451654109,"C"
408,"sausage","Spanish","salchicha","salˈtʃi.tʃa","sal""tSi.tSa",0.333333333333333,9,3,"sal, tSi, tSa",5.7550934342154,18.5127586304876,"C"
409,"watermelon","Catalan","sindria","ˈsin.dɾi.ə","""sin.d4i.@",0.428571428571429,7,3,"sin, d4i, @",5.71884971056197,19.0153609652241,"D"
409,"watermelon","Spanish","sandia","sanˈði.a","san""Di.a",0.428571428571429,6,3,"san, Di, a",5.71884971056197,20.4371671829977,"D"
410,"soup","Catalan","sopa","ˈso.pə","""so.p@",0.75,4,2,"so, p@",6.2290397922544,13.5925931375476,"A"
410,"soup","Spanish","sopa","ˈso.pa","""so.pa",0.75,4,2,"so, pa",6.2290397922544,14.3690467825946,"A"
412,"tomato","Catalan","tomaquet","tuˈma.kət","tu""ma.k@t",0.428571428571429,7,3,"tu, ma, k@t",6.00317046542715,19.929054187657,"A, B, C, D"
412,"tomato","Spanish","tomate","toˈma.te","to""ma.te",0.428571428571429,6,3,"to, ma, te",6.00317046542715,21.7572696419674,"A, B, C, D"
414,"toast","Catalan","torrada","tuˈra.ðə","tu""ra.D@",0.428571428571429,6,3,"tu, ra, D@",6.18259011959635,20.5996185034574,"A"
414,"toast","Spanish","tostada","tosˈta.ða","tos""ta.Da",0.428571428571429,7,3,"tos, ta, Da",6.18259011959635,20.9630368922809,"A"
415,"grapes","Catalan","raim","rəˈim","r@""im",0,4,2,"r@, im",6.04743368428325,12.9566711810354,"A, B, C, D"
415,"grapes","Spanish","uvas","ˈu.βas","""u.Bas",0,4,2,"u, Bas",6.04743368428325,12.2629190593753,"A, B, C, D"
416,"yogurt","Catalan","iogurt","juˈɣurt","ju""Gurt",0.5,6,2,"ju, Gurt",6.24536162879745,12.4907232575949,"C"
416,"yogurt","Spanish","yogur","ʝoˈɣuɾ","j\o""Gu4",0.5,5,2,"j\o, Gu4",6.24536162879745,12.4907232575949,"C"
417,"carrot","Catalan","pastanaga","pəs.təˈna.ɣə","p@s.t@""na.G@",0,9,4,"p@s, t@, na, G@",5.97091338302859,26.0397809838645,"A, B, C, D"
417,"carrot","Spanish","zanahoria","θa.naˈo.ɾja","Ta.na""o.4ja",0,8,4,"Ta, na, o, 4ja",5.97091338302859,27.175216371569,"A, B, C, D"
418,"juice","Catalan","suc","suk","suk",0.25,3,1,"suk",6.37383789753501,6.37383789753501,"A, B, C, D"
418,"juice","Spanish","zumo","ˈθu.mo","""Tu.mo",0.25,4,2,"Tu, mo",6.37383789753501,13.24721675863,"A, B, C, D"
419,"bath","Catalan","bany","baɲ","baJ",0.75,3,1,"baJ",6.03629844240345,6.03629844240345,"A, B, C, D"
419,"bath","Spanish","bano","ˈba.ɲo","""ba.Jo",0.75,4,2,"ba, Jo",6.03629844240345,13.3220091391918,"A, B, C, D"
420,"kitchen","Catalan","cuina","ˈkuj.nə","""kuj.n@",0.333333333333333,5,2,"kuj, n@",5.98724268755834,13.250301562739,"A, B, C, D"
420,"kitchen","Spanish","cocina","koˈθi.na","ko""Ti.na",0.333333333333333,6,3,"ko, Ti, na",5.98724268755834,21.1900844908933,"A, B, C, D"
424,"corridor","Catalan","passadis","pə.səˈðis","p@.s@""Dis",0.285714285714286,7,3,"p@, s@, Dis",5.72399801003795,19.5373443769117,"A, B, C, D"
424,"corridor","Spanish","pasillo","paˈsi.ʎo","pa""si.Lo",0.285714285714286,6,3,"pa, si, Lo",5.72399801003795,21.0272159499833,"A, B, C, D"
426,"terrace","Catalan","terrassa","təˈra.sə","t@""ra.s@",0.5,6,3,"t@, ra, s@",5.15939212099071,20.9095386273536,"A, B, C, D"
426,"terrace","Spanish","terraza","teˈra.θa","te""ra.Ta",0.5,6,3,"te, ra, Ta",5.15939212099071,20.9525155868909,"A, B, C, D"
461,"vacuum","Catalan","aspiradora","əs.pi.ɾəˈðɔ.ɾə","@s.pi.4@""DO.4@",0.6,10,5,"@s, pi, 4@, DO, 4@",5.95640599884383,34.3676514673544,"B"
461,"vacuum","Spanish","aspiradora","as.pi.ɾaˈðo.ɾa","as.pi.4a""Do.4a",0.6,10,5,"as, pi, 4a, Do, 4a",5.95640599884383,34.015374625987,"B"
463,"tray","Catalan","safata","səˈβa.tə","s@""Ba.t@",0,6,3,"s@, Ba, t@",5.93459045946521,20.340095604941,"D"
463,"tray","Spanish","bandeja","banˈðe.xa","ban""De.xa",0,7,3,"ban, De, xa",5.93459045946521,19.9197654393396,"D"
464,"bathtub","Catalan","banyera","bəˈɲe.ɾə","b@""Je.4@",0.666666666666667,6,3,"b@, Je, 4@",5.92816400090218,20.0816336853674,"A"
464,"bathtub","Spanish","banera","baˈɲe.ɾa","ba""Je.4a",0.666666666666667,6,3,"ba, Je, 4a",5.92816400090218,20.5687795000584,"A"
466,"blender","Catalan","batedora","bə.təˈðo.ɾə","b@.t@""Do.4@",0.625,8,4,"b@, t@, Do, 4@",6.01892472197855,28.3395671279989,"C"
466,"blender","Spanish","batidora","ba.tiˈðo.ɾa","ba.ti""Do.4a",0.625,8,4,"ba, ti, Do, 4a",6.01892472197855,28.1808345523494,"C"
468,"bottle","Catalan","ampolla","əmˈpo.ʎə","@m""po.L@",0.166666666666667,6,3,"@m, po, L@",6.20693017249251,19.9104573090658,"A, B, C, D"
468,"bottle","Spanish","botella","boˈte.ʎa","bo""te.La",0.166666666666667,6,3,"bo, te, La",6.20693017249251,20.9306011516424,"A, B, C, D"
469,"drawer","Catalan","calaixera","kə.ɫəˈʃe.ɾə","k@.5@""Se.4@",0.375,8,4,"k@, 5@, Se, 4@",5.84110486011317,27.0705296163722,"B"
469,"drawer","Spanish","cajonera","ka.xoˈne.ɾa","ka.xo""ne.4a",0.375,8,4,"ka, xo, ne, 4a",5.84110486011317,28.5527525789641,"B"
471,"bed","Catalan","llit","ʎit","Lit",0,3,1,"Lit",6.13211417775517,6.13211417775517,"A, B, C, D"
471,"bed","Spanish","cama","ˈka.ma","""ka.ma",0,4,2,"ka, ma",6.13211417775517,14.7247090213227,"A, B, C, D"
472,"photo","Catalan","camera","ˈka.mə.ɾə","""ka.m@.4@",0.666666666666667,6,3,"ka, m@, 4@",5.52550854325776,21.3461478829986,"A"
472,"photo","Spanish","camara","ˈka.ma.ɾa","""ka.ma.4a",0.666666666666667,6,3,"ka, ma, 4a",5.52550854325776,22.0135897094581,"A"
474,"coin","Catalan","centim","ˈsɛn.tim","""sEn.tim",0.571428571428571,6,2,"sEn, tim",5.80845583926517,11.6169116785303,"C"
474,"coin","Spanish","centimo","θen.ti.mo","Ten.ti.mo",0.571428571428571,7,3,"Ten, ti, mo",5.80845583926517,19.6059519251785,"C"
475,"brush (object)","Catalan","raspall","rəsˈpaʎ","r@s""paL",0.166666666666667,6,2,"r@s, paL",6.19609901320759,12.6027374999316,"A, B, C, D"
475,"brush (object)","Spanish","cepillo","θeˈpi.ʎo","Te""pi.Lo",0.166666666666667,6,3,"Te, pi, Lo",6.19609901320759,20.4054342814215,"A, B, C, D"
477,"basket","Catalan","cistella","sisˈte.ʎə","sis""te.L@",0.285714285714286,7,3,"sis, te, L@",5.94699576891958,19.5605647420824,"A, B, C, D"
477,"basket","Spanish","cesta","ˈθes.ta","""Tes.ta",0.285714285714286,5,2,"Tes, ta",5.94699576891958,13.3163935239908,"A, B, C, D"
478,"pacifier","Catalan","xumet","ʃuˈmɛt","Su""mEt",0.428571428571429,5,2,"Su, mEt",5.83570664068554,12.2335861940139,"C"
478,"pacifier","Spanish","chupete","tʃuˈpe.te","tSu""pe.te",0.428571428571429,7,3,"tSu, pe, te",5.83570664068554,20.0735938979412,"C"
480,"neighborhood","Catalan","colonia","koˈlo.nja","ko""lo.nja",1,7,3,"ko, lo, nja",5.61483181620864,16.8455484426142,"A"
480,"neighborhood","Spanish","colonia","koˈlo.nja","ko""lo.nja",1,7,3,"ko, lo, nja",5.61483181620864,19.8123797185529,"A"
481,"park","Catalan","parc2","park","park",0.125,4,1,"park",5.89820782055215,6.19923781621613,"B"
481,"park","Spanish","corralito","ko.raˈli.to","ko.ra""li.to",0.125,8,4,"ko, ra, li, to",5.89820782055215,28.1872561248343,"B"
484,"blocks","Catalan","galleda","ɡəˈʎɛ.ðə","g@""LE.D@",0,6,3,"g@, LE, D@",6.17396339171812,19.9171430042241,"A, B, C, D"
484,"blocks","Spanish","cubo","ˈku.βo","""ku.Bo",0,4,2,"ku, Bo",6.17396339171812,13.569067964567,"A, B, C, D"
486,"spoon","Catalan","cullera","kuˈʎe.ɾə","ku""Le.4@",0.428571428571429,6,3,"ku, Le, 4@",6.1937948390889,20.8993530130532,"A, B, C, D"
486,"spoon","Spanish","cuchara","kuˈtʃa.ɾa","ku""tSa.4a",0.428571428571429,7,3,"ku, tSa, 4a",6.1937948390889,20.5489351526851,"A, B, C, D"
487,"knife","Catalan","ganivet","ɡə.niˈβɛt","g@.ni""BEt",0,7,3,"g@, ni, BEt",5.92571773269331,19.035406539022,"A, B, C, D"
487,"knife","Spanish","cuchillo","kuˈtʃi.ʎo","ku""tSi.Lo",0,7,3,"ku, tSi, Lo",5.92571773269331,19.8264209263711,"A, B, C, D"
490,"money","Catalan","diners","diˈnes","di""nes",0.666666666666667,5,2,"di, nes",6.14691827930386,13.1080454945024,"C"
490,"money","Spanish","dinero","diˈne.ɾo","di""ne.4o",0.666666666666667,6,3,"di, ne, 4o",6.14691827930386,20.5272686852996,"C"
491,"shower","Catalan","dutxa","ˈdu.t͡ʃə","""du.t͡S@",0.666666666666667,6,2,"du, t͡S@",6.01137173970439,12.5814806457027,"D"
491,"shower","Spanish","ducha","ˈdu.tʃa","""du.tSa",0.666666666666667,5,2,"du, tSa",6.01137173970439,12.6192754042884,"D"
493,"plug","Catalan","endoll","ənˈdoʎ","@n""doL",0.142857142857143,5,2,"@n, doL",5.84787084703837,12.0446056664944,"B"
493,"plug","Spanish","enchufe","enˈtʃu.fe","en""tSu.fe",0.142857142857143,7,3,"en, tSu, fe",5.84787084703837,18.3331696454379,"B"
494,"stairs","Catalan","escala","əsˈka.ɫəs","@s""ka.5@s",0.444444444444444,7,3,"@s, ka, 5@s",5.88306645979467,19.5023984991256,"C"
494,"stairs","Spanish","escalera","eskaˈle.ɾas","eska""le.4as",0.444444444444444,9,3,"eska, le, 4as",5.88306645979467,18.6654189115363,"C"
496,"mirror","Catalan","mirall","miˈɾaʎ","mi""4aL",0,5,2,"mi, 4aL",6.01220320209136,12.8021232141266,"A, B, C, D"
496,"mirror","Spanish","espejo","esˈpe.xo","es""pe.xo",0,6,3,"es, pe, xo",6.01220320209136,20.1486449955469,"A, B, C, D"
497,"sponge","Catalan","esponja","əsˈpɔɲ.ʒə","@s""pOJ.Z@",0.285714285714286,7,3,"@s, pOJ, Z@",5.90888812107228,19.4314341053741,"B"
497,"sponge","Spanish","esponja","esˈpon.xa","es""pon.xa",0.285714285714286,7,3,"es, pon, xa",5.90888812107228,19.7474379395419,"B"
498,"stove","Catalan","estufa","əsˈtu.fə","@s""tu.f@",0.666666666666667,6,3,"@s, tu, f@",6.08306326854402,20.2222076894763,"C"
498,"stove","Spanish","estufa","esˈtu.fa","es""tu.fa",0.666666666666667,6,3,"es, tu, fa",6.08306326854402,19.7787482981105,"C"
499,"faucet","Catalan","aixeta","əˈʃɛ.tə","@""SE.t@",0,5,3,"@, SE, t@",5.8031281415699,20.5323219898434,"A, B, C, D"
499,"faucet","Spanish","grifo","ˈɡɾi.fo","""g4i.fo",0,5,2,"g4i, fo",5.8031281415699,12.0772960061004,"A, B, C, D"
500,"oven","Catalan","forn","forn","forn",0.25,4,1,"forn",5.86077340236464,5.86077340236464,"A, B, C, D"
500,"oven","Spanish","horno","ˈoɾ.no","""o4.no",0.25,4,2,"o4, no",5.86077340236464,12.9627383176416,"A, B, C, D"
502,"soap","Catalan","sabo","səˈβo","s@""Bo",0.4,4,2,"s@, Bo",5.97069831870842,12.9931392210235,"A, B, C, D"
502,"soap","Spanish","jabon","xaˈβon","xa""Bon",0.4,5,2,"xa, Bon",5.97069831870842,13.1376029199946,"A, B, C, D"
503,"syrup","Catalan","xarop","ʃəˈɾɔp","S@""4Op",0.166666666666667,5,2,"S@, 4Op",5.88359806948311,12.6493819275781,"D"
503,"syrup","Spanish","jarabe","xaˈɾa.βe","xa""4a.Be",0.166666666666667,6,3,"xa, 4a, Be",5.88359806948311,21.248737680723,"D"
504,"jar","Catalan","gerra","ˈʒɛ.rə","""ZE.r@",0.25,4,2,"ZE, r@",5.81337118060893,13.1917010556552,"A"
504,"jar","Spanish","jarra","ˈxa.ra","""xa.ra",0.25,4,2,"xa, ra",5.81337118060893,14.105210355646,"A"
508,"book","Catalan","llibre","ˈʎi.βɾə","""Li.B4@",0.6,5,2,"Li, B4@",6.44600571221515,13.4303250553405,"A"
508,"book","Spanish","libro","ˈli.βɾo","""li.B4o",0.6,5,2,"li, B4o",6.44600571221515,13.2995598994791,"A"
509,"key","Catalan","clau","kɫaw","k5aw",0,4,1,"k5aw",5.95473588676832,5.95473588676832,"A, B, C, D"
509,"key","Spanish","llaves","ˈʎa.βes","""La.Bes",0,5,2,"La, Bes",5.95473588676832,12.8104099901028,"A, B, C, D"
513,"hammer","Catalan","martell","mərˈteʎ","m@r""teL",0.428571428571429,6,2,"m@r, teL",6.10333602058006,12.4552268769331,"A, B, C, D"
513,"hammer","Spanish","martillo","maɾˈti.ʎo","ma4""ti.Lo",0.428571428571429,7,3,"ma4, ti, Lo",6.10333602058006,20.3790929737412,"A, B, C, D"
516,"medicine","Catalan","medicina","mə.ðiˈsi.nə","m@.Di""si.n@",0.625,8,4,"m@, Di, si, n@",6.12531254719423,27.848963599615,"A"
516,"medicine","Spanish","medicina","me.ðiˈθi.na","me.Di""Ti.na",0.625,8,4,"me, Di, Ti, na",6.12531254719423,27.5945480762823,"A"
517,"table","Catalan","taula","ˈtaw.ɫə","""taw.5@",0,5,2,"taw, 5@",6.10040915829017,12.8173870694071,"A, B, C, D"
517,"table","Spanish","mesa","ˈme.sa","""me.sa",0,4,2,"me, sa",6.10040915829017,13.7598528455352,"A, B, C, D"
518,"microwave","Catalan","microones","mi.kɾuˈo.nəs","mi.k4u""o.n@s",0.666666666666667,9,4,"mi, k4u, o, n@s",5.85384881491306,25.3406782576821,"C"
518,"microwave","Spanish","microondas","miˈkɾon.ðas","mi""k4on.Das",0.666666666666667,9,3,"mi, k4on, Das",5.85384881491306,18.6522938879405,"C"
520,"coin","Catalan","moneda","muˈnɛ.ðə","mu""nE.D@",0.428571428571429,6,3,"mu, nE, D@",5.80845583926517,19.5352656941962,"A, B, C, D"
520,"coin","Spanish","moneda","moˈne.ðas","mo""ne.Das",0.428571428571429,7,3,"mo, ne, Das",5.80845583926517,19.9650923398592,"A, B, C, D"
524,"potty","Catalan","orinal","u.ɾiˈnaɫ","u.4i""na5",0.666666666666667,6,3,"u, 4i, na5",6.21446130085591,19.7898152955371,"A"
524,"potty","Spanish","orinal","o.ɾiˈnal","o.4i""nal",0.666666666666667,6,3,"o, 4i, nal",6.21446130085591,20.0986952780342,"A"
528,"comb (object)","Catalan","pinta","ˈpin.tə","""pin.t@",0.2,5,2,"pin, t@",6.14128505085953,13.831749599705,"A"
528,"comb (object)","Spanish","peine","ˈpej.ne","""pej.ne",0.2,5,2,"pej, ne",6.14128505085953,13.2558696373705,"A"
530,"battery","Catalan","pila","ˈpi.lə","""pi.l@",0.75,4,2,"pi, l@",5.90434520605241,13.1704768855902,"C"
530,"battery","Spanish","pila","ˈpi.la","""pi.la",0.75,4,2,"pi, la",5.90434520605241,13.3803014619551,"C"
532,"plate","Catalan","plat","pɫat","p5at",0.6,4,1,"p5at",6.05069816886048,6.05069816886048,"A"
532,"plate","Spanish","plato","ˈpla.to","""pla.to",0.6,5,2,"pla, to",6.05069816886048,13.6277271596286,"A"
534,"door","Catalan","porta","ˈpɔr.tə","""pOr.t@",0.333333333333333,5,2,"pOr, t@",6.04555003813952,13.5705302797364,"A, B, C, D"
534,"door","Spanish","puerta","ˈpweɾ.ta","""pwe4.ta",0.333333333333333,6,2,"pwe4, ta",6.04555003813952,13.4149477932107,"A, B, C, D"
535,"radio","Catalan","radio","ˈra.ði.u","""ra.Di.u",0.6,5,3,"ra, Di, u",5.92527937388435,20.0460235456479,"D"
535,"radio","Spanish","radio","ˈra.ðjo","""ra.Djo",0.6,5,2,"ra, Djo",5.92527937388435,12.8635851282441,"D"
538,"clock","Catalan","rellotge","rəˈʎɔ.dʒə","r@""LO.dZ@",0.142857142857143,7,3,"r@, LO, dZ@",6.01014474284523,20.100635609231,"C"
538,"clock","Spanish","reloj","reˈlox","re""lox",0.142857142857143,5,2,"re, lox",6.01014474284523,12.0202894856905,"C"
541,"chair","Catalan","cadira","kəˈði.ɾə","k@""Di.4@",0.166666666666667,6,3,"k@, Di, 4@",6.18506794256763,21.1459076801026,"A, B, C, D"
541,"chair","Spanish","silla","ˈsi.ʎa","""si.La",0.166666666666667,4,2,"si, La",6.18506794256763,13.517090617812,"A, B, C, D"
544,"couch","Catalan","sofa","suˈfa","su""fa",0.75,4,2,"su, fa",5.86861959052287,12.7302986585868,"A"
544,"couch","Spanish","sofa","soˈfa","so""fa",0.75,4,2,"so, fa",5.86861959052287,13.5811155309861,"A"
545,"cup","Catalan","tasso","təˈso","t@""so",0.25,4,2,"t@, so",6.1587442478764,14.1847519161497,"B"
545,"cup","Spanish","taza","ˈta.θa","""ta.Ta",0.25,4,2,"ta, Ta",6.1587442478764,14.2211409538033,"B"
547,"telephone","Catalan","telefon","təˈɫɛ.fun","t@""5E.fun",0.375,7,3,"t@, 5E, fun",5.95864368073479,20.1097725264104,"D"
547,"telephone","Spanish","telefono","teˈle.fo.no","te""le.fo.no",0.375,8,4,"te, le, fo, no",5.95864368073479,27.1341343693642,"D"
549,"fork","Catalan","forquilla","furˈki.ʎə","fur""ki.L@",0,7,3,"fur, ki, L@",5.98387210229888,19.4552504443469,"A, B, C, D"
549,"fork","Spanish","tenedor","te.neˈðoɾ","te.ne""Do4",0,7,3,"te, ne, Do4",5.98387210229888,20.2613738144642,"A, B, C, D"
551,"towel","Catalan","tovallola","tu.βəˈʎɔ.ɫə","tu.B@""LO.5@",0.25,8,4,"tu, B@, LO, 5@",6.0182756589874,27.2346760026387,"A, B, C, D"
551,"towel","Spanish","toalla","toˈa.ʎa","to""a.La",0.25,5,3,"to, a, La",6.0182756589874,21.5668214105982,"A, B, C, D"
552,"towel","Catalan","tovalloletes","tu.βə.ʎuˈɫɛ.təs","tu.B@.Lu""5E.t@s",0.363636363636364,11,5,"tu, B@, Lu, 5E, t@s",6.0182756589874,33.5266573737683,"A"
552,"towel","Spanish","toallitas","toaˈʎi.tas","toa""Li.tas",0.363636363636364,8,3,"toa, Li, tas",6.0182756589874,19.0401277177447,"A"
553,"glass","Catalan","got","ɡɔt","gOt",0,3,1,"gOt",5.92292725400511,5.92292725400511,"A, B, C, D"
553,"glass","Spanish","vaso","ˈba.so","""ba.so",0,4,2,"ba, so",5.92292725400511,13.9721931837073,"A, B, C, D"
554,"video","Catalan","video","ˈbi.ðe.o","""bi.De.o",1,5,3,"bi, De, o",5.71008190140427,19.4376889656051,"C"
554,"video","Spanish","video","ˈbi.ðeo","""bi.Deo",1,5,2,"bi, Deo",5.71008190140427,12.2921037579046,"C"
582,"water (not beverage)","Catalan","aigua2","ˈaj.ɣwə","""aj.Gw@",0.6,5,2,"aj, Gw@",6.22816391678412,13.0583878248962,"D"
582,"water (not beverage)","Spanish","agua2","ˈa.ɣwa","""a.Gwa",0.6,4,2,"a, Gwa",6.22816391678412,13.9296937694932,"D"
583,"tree","Catalan","arbre","ˈa.βɾə","""a.B4@",0.4,4,2,"a, B4@",6.11848585846161,13.4959007930364,"A, B, C, D"
583,"tree","Spanish","arbol","ˈaɾ.βol","""a4.Bol",0.4,5,2,"a4, Bol",6.11848585846161,12.2369717169232,"A, B, C, D"
584,"ground","Catalan","sorra","ˈso.rə","""so.r@",0,4,2,"so, r@",5.71252792795068,13.5690091713049,"A, B, C, D"
584,"ground","Spanish","arena","aˈɾe.na","a""4e.na",0,5,3,"a, 4e, na",5.71252792795068,21.1032579858243,"A, B, C, D"
585,"flag","Catalan","bandera","bənˈðe.ɾə","b@n""De.4@",0.714285714285714,7,3,"b@n, De, 4@",5.71427620585179,19.1078749521957,"C"
585,"flag","Spanish","bandera","banˈðe.ɾa","ban""De.4a",0.714285714285714,7,3,"ban, De, 4a",5.71427620585179,20.0417415261888,"C"
586,"ground","Catalan","fang","faŋ","faN",0.25,3,1,"faN",5.71252792795068,5.71252792795068,"D"
586,"ground","Spanish","barro","ˈba.ro","""ba.ro",0.25,4,2,"ba, ro",5.71252792795068,13.8221983422085,"D"
587,"street","Catalan","carrer","kəˈre","k@""re",0.5,4,2,"k@, re",5.9034830219962,13.035545233506,"A"
587,"street","Spanish","calle","ˈka.ʎe","""ka.Le",0.5,4,2,"ka, Le",5.9034830219962,14.0558926390109,"A"
589,"country","Catalan","camp","kam","kam",0.6,3,1,"kam",5.60658245319807,5.60658245319807,"C"
589,"country","Spanish","campo","ˈkam.po","""kam.po",0.6,5,2,"kam, po",5.60658245319807,12.4813722688195,"C"
591,"house","Catalan","casa","ˈka.zə","""ka.z@",0.5,4,2,"ka, z@",6.26296510389769,13.4822409279761,"A, B, C, D"
591,"house","Spanish","casa","ˈka.sa","""ka.sa",0.5,4,2,"ka, sa",6.26296510389769,14.3542789547883,"A, B, C, D"
594,"sky","Catalan","cel","sɛɫ","sE5",0,3,1,"sE5",5.85833008656408,5.85833008656408,"A, B, C, D"
594,"sky","Spanish","cielo","ˈθje.lo","""Tje.lo",0,5,2,"Tje, lo",5.85833008656408,12.9711292559163,"A, B, C, D"
597,"star","Catalan","estel","əsˈtɛɫ","@s""tE5",0.285714285714286,5,2,"@s, tE5",5.96439803986265,12.7335450297061,"C"
597,"star","Spanish","estrella","esˈtɾe.ʎa","es""t4e.La",0.285714285714286,7,3,"es, t4e, La",5.96439803986265,19.4917173603806,"C"
598,"party","Catalan","festa","ˈfes.tə","""fes.t@",0.666666666666667,5,2,"fes, t@",5.99128038152,13.5162606231169,"D"
598,"party","Spanish","fiesta","ˈfjes.ta","""fjes.ta",0.666666666666667,6,2,"fjes, ta",5.99128038152,13.3606781365912,"D"
599,"flower","Catalan","flor","fɫɔ","f5O",0.25,3,1,"f5O",6.03229854363036,6.03229854363036,"A, B, C, D"
599,"flower","Spanish","flor","floɾ","flo4",0.25,4,1,"flo4",6.03229854363036,6.03229854363036,"A, B, C, D"
601,"farm","Catalan","granja","ɡɾaɲ.ʒə","g4aJ.Z@",0.5,6,2,"g4aJ, Z@",6.09522989269372,12.8486288871521,"C"
601,"farm","Spanish","granja","ˈɡɾan.xa","""g4an.xa",0.5,6,2,"g4an, xa",6.09522989269372,13.2621344939799,"C"
607,"church","Catalan","esglesia","əzˈɡɫe.zi.ə","@z""g5e.zi.@",0.25,8,4,"@z, g5e, zi, @",5.87035800160455,25.2578664957119,"A"
607,"church","Spanish","iglesia","iˈɡle.sja","i""gle.sja",0.25,7,3,"i, gle, sja",5.87035800160455,17.6110740048136,"A"
608,"yard","Catalan","jardi","ʒərˈði","Z@r""Di",0.333333333333333,5,2,"Z@r, Di",5.77245336920121,12.4059142041617,"B"
608,"yard","Spanish","jardin","xaɾˈðin","xa4""Din",0.333333333333333,6,2,"xa4, Din",5.77245336920121,11.5449067384024,"B"
610,"rain","Catalan","pluja","ˈpɫu.ʒə","""p5u.Z@",0,5,2,"p5u, Z@",5.89350992691683,12.6469089213752,"D"
610,"rain","Spanish","lluvia","ˈʎu.βja","""Lu.Bja",0,5,2,"Lu, Bja",5.89350992691683,11.7870198538337,"D"
611,"moon","Catalan","lluna","ˈʎu.nə","""Lu.n@",0.5,4,2,"Lu, n@",6.11800651125172,13.6350864466242,"A"
611,"moon","Spanish","luna","ˈlu.na","""lu.na",0.5,4,2,"lu, na",6.11800651125172,13.7055158240748,"A"
612,"sea","Catalan","mar","mar","mar",0.666666666666667,3,1,"mar",5.78833775346909,5.78833775346909,"B"
612,"sea","Spanish","mar","maɾ","ma4",0.666666666666667,3,1,"ma4",5.78833775346909,6.27482092749626,"B"
615,"snow","Catalan","neu","new","new",0.4,3,1,"new",6.13030705050133,6.13030705050133,"A"
615,"snow","Spanish","nieve","nje.βe","nje.Be",0.4,5,2,"nje, Be",6.13030705050133,12.9232594418027,"A"
616,"cloud","Catalan","nuvol2","ˈnu.βuɫ","""nu.Bu5",0.6,5,2,"nu, Bu5",5.73662852859364,12.1408913452329,"B"
616,"cloud","Spanish","nube2","ˈnu.βe","""nu.Be",0.6,4,2,"nu, Be",5.73662852859364,12.529580919895,"B"
618,"shovel","Catalan","pala","ˈpa.ɫə","""pa.5@",0.5,4,2,"pa, 5@",5.90830680025307,13.497116011682,"D"
618,"shovel","Spanish","pala","ˈpa.la","""pa.la",0.5,4,2,"pa, la",5.90830680025307,14.1081382226563,"D"
619,"park","Catalan","parc1","park","park",0.6,4,1,"park",5.89820782055215,6.19923781621613,"A"
619,"park","Spanish","parque","ˈpaɾ.ke","""pa4.ke",0.6,5,2,"pa4, ke",5.89820782055215,12.654516668917,"A"
621,"stone","Catalan","pedra","ˈpe.ðɾə","""pe.D4@",0.666666666666667,5,2,"pe, D4@",6.13332526936127,12.5758576669881,"C"
621,"stone","Spanish","piedra","ˈpje.ðɾa","""pje.D4a",0.666666666666667,6,2,"pje, D4a",6.13332526936127,12.2666505387225,"C"
622,"pool","Catalan","piscina","piˈsi.nə","pi""si.n@",0.714285714285714,6,3,"pi, si, n@",5.94651819591971,20.9812537761781,"D"
622,"pool","Spanish","piscina","pisˈθi.na","pis""Ti.na",0.714285714285714,7,3,"pis, Ti, na",5.94651819591971,20.051853953821,"D"
623,"plant","Catalan","planta","ˈpɫan.tə","""p5an.t@",0.666666666666667,6,2,"p5an, t@",5.87635009062216,13.4013303322191,"A, B, C, D"
623,"plant","Spanish","planta","ˈplan.ta","""plan.ta",0.666666666666667,6,2,"plan, ta",5.87635009062216,13.2457478456933,"A, B, C, D"
624,"beach","Catalan","platja","ˈpɫa.dʒə","""p5a.dZ@",0.333333333333333,6,2,"p5a, dZ@",5.97748157781453,12.678283154178,"B"
624,"beach","Spanish","playa","ˈpla.ʝa","""pla.j\a",0.333333333333333,5,2,"pla, j\a",5.97748157781453,12.6794183833911,"B"
632,"sun","Catalan","sol","sɔɫ","sO5",0.333333333333333,3,1,"sO5",5.86951790549372,6.21032244638183,"B"
632,"sun","Spanish","sol","sol","sol",0.333333333333333,3,1,"sol",5.86951790549372,5.86951790549372,"B"
634,"store","Catalan","botiga","buˈti.ɣə","bu""ti.G@",0,6,3,"bu, ti, G@",6.02458593162166,19.862781197245,"D"
634,"store","Spanish","tienda","ˈtjen.da","""tjen.da",0,6,2,"tjen, da",6.02458593162166,12.0491718632433,"D"
635,"sled","Catalan","tobogan","tu.βuˈɣan","tu.Bu""Gan",0.714285714285714,7,3,"tu, Bu, Gan",6.00184507774471,19.1312788096018,"A, B, C, D"
635,"sled","Spanish","tobogan","to.βoˈɣan","to.Bo""Gan",0.714285714285714,7,3,"to, Bo, Gan",6.00184507774471,20.2294096925647,"A, B, C, D"
638,"window","Catalan","finestra","fiˈnes.tɾə","fi""nes.t4@",0.125,8,3,"fi, nes, t4@",5.91438117328566,19.2091979606689,"A, B, C, D"
638,"window","Spanish","ventana","benˈta.na","ben""ta.na",0.125,7,3,"ben, ta, na",5.91438117328566,20.5780397616967,"A, B, C, D"
639,"zoo","Catalan","zoo","ˈzo.o","""zo.o",0.666666666666667,3,2,"zo, o",6.1772560645531,13.0197090609462,"A"
639,"zoo","Spanish","zoo","ˈθo.o","""To.o",0.666666666666667,3,2,"To, o",6.1772560645531,13.5529855812272,"A"
654,"wheel","Catalan","roda","ˈrɔ.ðə","""rO.D@",0.4,4,2,"rO, D@",5.98433809164592,13.2561153365069,"A, B, C, D"
654,"wheel","Spanish","rueda","ˈrwe.ða","""rwe.Da",0.4,5,2,"rwe, Da",5.98433809164592,12.9385743632982,"A, B, C, D"
655,"grandma","Catalan","avia","ˈa.βi.ə","""a.Bi.@",0.333333333333333,4,3,"a, Bi, @",6.03758448065155,20.4809848416318,"D"
655,"grandma","Spanish","abuela","aˈβwe.la","a""Bwe.la",0.333333333333333,6,3,"a, Bwe, la",6.03758448065155,20.4969968857944,"D"
656,"grandpa","Catalan","avi","ˈa.βi","""a.Bi",0.333333333333333,3,2,"a, Bi",6.01946585978279,13.2767712349552,"A"
656,"grandpa","Spanish","abuelo","aˈβwe.lo","a""Bwe.lo",0.333333333333333,6,3,"a, Bwe, lo",6.01946585978279,20.8429486732789,"A, B, C, D"
658,"baby","Catalan","nado","nəˈðo","n@""Do",0,4,2,"n@, Do",6.54852653530711,13.9241760771175,"C"
658,"baby","Spanish","bebe","beˈbe","be""be",0,4,2,"be, be",6.54852653530711,13.9682567846806,"C"
660,"family","Catalan","familia","faˈmi.lia","fa""mi.lia",1,7,3,"fa, mi, lia",5.85790066333797,18.8121438666827,"A"
660,"family","Spanish","familia","faˈmi.lia","fa""mi.lia",1,7,3,"fa, mi, lia",5.85790066333797,19.076930206583,"A, B, C, D"
662,"man","Catalan","home","ˈɔ.mə","""O.m@",0.2,3,2,"O, m@",6.1133704457185,13.2289486455973,"C"
662,"man","Spanish","hombre","ˈom.bɾe","""om.b4e",0.2,5,2,"om, b4e",6.1133704457185,12.2270752763407,"C"
663,"teacher","Catalan","mestra","ˈmɛs.tɾə","""mEs.t4@",0.571428571428571,6,2,"mEs, t4@",5.85961038641905,12.4946611989509,"D"
663,"teacher","Spanish","maestra","maˈes.tɾa","ma""es.t4a",0.571428571428571,7,3,"ma, es, t4a",5.85961038641905,19.8154111615523,"D"
664,"mommy","Catalan","mare","ˈma.ɾə","""ma.4@",0.5,4,2,"ma, 4@",6.52572937117066,14.1786797017498,"A"
664,"mommy","Spanish","mama","maˈma","ma""ma",0.5,4,2,"ma, ma",6.52572937117066,14.5683111158997,"A, B, C, D"
666,"doctor","Catalan","metge","ˈme.dʒə","""me.dZ@",0.333333333333333,5,2,"me, dZ@",6.04736500721001,12.7472527318754,"C"
666,"doctor","Spanish","medico","ˈme.ði.ka","""me.Di.ka",0.333333333333333,6,3,"me, Di, ka",6.04736500721001,20.9297657817539,"C"
667,"doctor","Catalan","doctor","dukˈto.ɾə","duk""to.4@",0.714285714285714,7,3,"duk, to, 4@",6.04736500721001,19.9421677971319,"D"
667,"doctor","Spanish","doctor","dokˈto.ɾa","dok""to.4a",0.714285714285714,7,3,"dok, to, 4a",6.04736500721001,20.6468931455641,"D"
669,"baby","Catalan","nena","nɛn","nEn",0.5,3,1,"nEn",6.54852653530711,6.54852653530711,"B"
669,"baby","Spanish","nena","ˈne.na","""ne.na",0.5,4,2,"ne, na",6.54852653530711,14.4088454198508,"B"
670,"child","Catalan","noia","ˈnɔ.jə","""nO.j@",0.25,4,2,"nO, j@",6.49154966396854,13.1446950488329,"A, B, C, D"
670,"child","Spanish","nina","ˈni.ɲa","""ni.Ja",0.25,4,2,"ni, Ja",6.49154966396854,13.3209854187444,"A, B, C, D"
672,"daddy","Catalan","pare","ˈpa.ɾə","""pa.4@",0.5,4,2,"pa, 4@",6.38471281307385,14.1605227341974,"A"
672,"daddy","Spanish","papa","paˈpa","pa""pa",0.5,4,2,"pa, pa",6.38471281307385,14.6825816815771,"A, B, C, D"
673,"person","Catalan","persona","pərˈso.nə","p@r""so.n@",0.571428571428571,7,3,"p@r, so, n@",5.96230525094133,20.2250119027693,"B"
673,"person","Spanish","persona","peɾˈso.na","pe4""so.na",0.571428571428571,7,3,"pe4, so, na",5.96230525094133,20.2843220260872,"B"
674,"police","Catalan","policia","pu.ɫiˈsi.ə","pu.5i""si.@",0.428571428571429,7,4,"pu, 5i, si, @",5.93551251423944,27.3828121332223,"C"
674,"police","Spanish","policia","po.liˈθi.a","po.li""Ti.a",0.428571428571429,7,4,"po, li, Ti, a",5.93551251423944,27.9399187844919,"C"
675,"cousin","Catalan","cosina","kuˈzi.nə","ku""zi.n@",0.166666666666667,6,3,"ku, zi, n@",5.73744130201871,20.5249768881684,"D"
675,"cousin","Spanish","prima","ˈpɾi.ma","""p4i.ma",0.166666666666667,5,2,"p4i, ma",5.73744130201871,13.0215968599686,"D"
676,"man","Catalan","senyor","səˈɲo.ɾə","s@""Jo.4@",0.666666666666667,6,3,"s@, Jo, 4@",6.1133704457185,20.3742799832298,"A"
676,"man","Spanish","senor","seˈɲo.ɾa","se""Jo.4a",0.666666666666667,6,3,"se, Jo, 4a",6.1133704457185,20.1771714863145,"A, B, C, D"
677,"niece","Catalan","neboda","nəˈβo.ðə","n@""Bo.D@",0.142857142857143,6,3,"n@, Bo, D@",5.55783391421528,20.3436695597925,"B"
677,"niece","Spanish","sobrina","soˈβɾi.no","so""B4i.no",0.142857142857143,7,3,"so, B4i, no",5.55783391421528,19.8786115209024,"B"
678,"babysitter","Catalan","tata","ˈta.tə","""ta.t@",0.75,4,2,"ta, t@",5.8543561622763,13.9895392140407,"C"
678,"babysitter","Spanish","tata","tata","tata",0.75,4,1,"tata",5.8543561622763,5.8543561622763,"C"
679,"aunt","Catalan","tieta","ˈti.ə","""ti.@",0.666666666666667,3,2,"ti, @",5.80644132416622,13.9490385253705,"D"
679,"aunt","Spanish","tia","ˈti.a","""ti.a",0.666666666666667,3,2,"ti, a",5.80644132416622,14.4802633085728,"D"
680,"uncle","Catalan","oncle","ˈoŋ.kɫə","""oN.k5@",0,5,2,"oN, k5@",5.87122555874717,12.0310927307688,"A"
680,"uncle","Spanish","tio","ˈti.o","""ti.o",0,3,2,"ti, o",5.87122555874717,14.1380624079961,"A, B, C, D"
743,"day","Catalan","dia","ˈdi.ə","""di.@",0.666666666666667,3,2,"di, @",6.01224951156827,13.9651982106023,"A, B, C, D"
743,"day","Spanish","dia","ˈdi.a","""di.a",0.666666666666667,3,2,"di, a",6.01224951156827,13.9784351620504,"A, B, C, D"
747,"night","Catalan","nit","nit","nit",0.4,3,1,"nit",6.06033320695556,6.06033320695556,"A, B, C, D"
747,"night","Spanish","noche","ˈno.tʃe","""no.tSe",0.4,5,2,"no, tSe",6.06033320695556,13.3788202223905,"A, B, C, D"
750,"pen","Catalan","boligraf","boˈɫi","bo""5i",0.75,4,2,"bo, 5i",6.160369886381,13.3861039936544,"C"
750,"pen","Spanish","boligrafo","ˈbo.li","""bo.li",0.75,4,2,"bo, li",6.160369886381,13.7660146017729,"C"
751,"bubbles","Catalan","bombolles","bumˈbo.ʎəs","bum""bo.L@s",0.375,8,3,"bum, bo, L@s",6.12241401048373,19.0175661052082,"D"
751,"bubbles","Spanish","burbujas","buɾˈβu.xas","bu4""Bu.xas",0.375,8,3,"bu4, Bu, xas",6.12241401048373,18.8445051234553,"D"
752,"box","Catalan","caixa","ˈka.ʃə","""ka.S@",0.5,4,2,"ka, S@",6.26507294112308,13.6159689075824,"A, B, C, D"
752,"box","Spanish","caja","ˈka.xa","""ka.xa",0.5,4,2,"ka, xa",6.26507294112308,14.6074580646591,"A, B, C, D"
753,"card","Catalan","cartes","ˈkar.təs","""kar.t@s",0.666666666666667,6,2,"kar, t@s",5.93973275495869,12.4420262494964,"B"
753,"card","Spanish","cartas","ˈkaɾ.tas","""ka4.tas",0.666666666666667,6,2,"ka4, tas",5.93973275495869,12.9838010352183,"B"
755,"book","Catalan","conte","ˈkon.tə","""kon.t@",0.5,5,2,"kon, t@",6.44600571221515,13.9709859538121,"D"
755,"book","Spanish","cuento","ˈkwen.to","""kwen.to",0.5,6,2,"kwen, to",6.44600571221515,13.7566531624338,"D"
756,"photo","Catalan","fotos","ˈfo.tus","""fo.tus",0.8,5,2,"fo, tus",5.52550854325776,11.0510170865155,"A"
756,"photo","Spanish","fotos","ˈfo.tos","""fo.tos",0.8,5,2,"fo, tos",5.52550854325776,12.9135707300878,"A"
757,"ball","Catalan","futbol","fudˈbɔɫ","fud""bO5",0.5,6,2,"fud, bO5",6.45259112637955,12.9051822527591,"B"
757,"ball","Spanish","futbol","ˈfut.bol","""fut.bol",0.5,6,2,"fut, bol",6.45259112637955,13.0384467767996,"B"
758,"balloon","Catalan","globus","ˈɡɫɔ.βus","""g5O.Bus",0.333333333333333,6,2,"g5O, Bus",6.10201706588024,12.2040341317605,"A, B, C, D"
758,"balloon","Spanish","globo","ˈɡlo.βo","""glo.Bo",0.333333333333333,5,2,"glo, Bo",6.10201706588024,13.0189342304816,"A, B, C, D"
759,"goal","Catalan","gol","ɡɔɫ","gO5",0.333333333333333,3,1,"gO5",5.43062609038495,5.43062609038495,"D"
759,"goal","Spanish","gol","ɡol","gol",0.333333333333333,3,1,"gol",5.43062609038495,5.43062609038495,"D"
760,"guitar","Catalan","guitarra","ɡiˈta.rə","gi""ta.r@",0.833333333333333,6,3,"gi, ta, r@",5.97488537566389,19.6736593393445,"A, B, C, D"
760,"guitar","Spanish","guitarra","ɡiˈta.ra","gi""ta.ra",0.833333333333333,6,3,"gi, ta, ra",5.97488537566389,20.6797607702498,"A, B, C, D"
761,"toy (object)","Catalan","joguina","ʒuˈɣi.nə","Zu""Gi.n@",0.333333333333333,6,3,"Zu, Gi, n@",5.98257408545589,19.2282070460924,"B"
761,"toy (object)","Spanish","juguete","xuˈɣe.te","xu""Ge.te",0.333333333333333,6,3,"xu, Ge, te",5.98257408545589,19.1276148047107,"B"
762,"pen/pencil","Catalan","llapis","ˈʎa.pis","""La.pis",0.6,5,2,"La, pis",6.09618369002763,12.6080111281066,"C"
762,"pen/pencil","Spanish","lapiz","ˈla.piθ","""la.piT",0.6,5,2,"la, piT",6.09618369002763,12.8630310718954,"C"
763,"doll","Catalan","nina","ˈni.nə","""ni.n@",0,4,2,"ni, n@",6.11974102558053,13.5975644364706,"A, B, C, D"
763,"doll","Spanish","muneca","muˈɲe.ka","mu""Je.ka",0,6,3,"mu, Je, ka",6.11974102558053,20.0950853567076,"A, B, C, D"
764,"music","Catalan","musica","ˈmu.zi.kə","""mu.zi.k@",0.666666666666667,6,3,"mu, zi, k@",5.88499777619758,19.8054499464934,"A"
764,"music","Spanish","musica","ˈmu.si.ka","""mu.si.ka",0.666666666666667,6,3,"mu, si, ka",5.88499777619758,20.4210403011634,"A"
765,"teddybear","Catalan","osset","uˈset","u""set",0.4,4,2,"u, set",6.24488773360493,13.1534169624146,"A, B, C, D"
765,"teddybear","Spanish","osito","oˈsi.to","o""si.to",0.4,5,3,"o, si, to",6.24488773360493,21.0303629211645,"A, B, C, D"
766,"stick","Catalan","pal","paɫ","pa5",0.5,3,1,"pa5",5.91246377809755,5.91246377809755,"C"
766,"stick","Spanish","palo","ˈpa.lo","""pa.lo",0.5,4,2,"pa, lo",5.91246377809755,14.4540900101408,"C"
767,"paper","Catalan","paper","pəˈpe","p@""pe",0.6,4,2,"p@, pe",6.14952841210031,13.3753538606216,"D"
767,"paper","Spanish","papel","paˈpel","pa""pel",0.6,5,2,"pa, pel",6.14952841210031,13.4908192528889,"D"
768,"clown","Catalan","pallasso","pəˈʎa.su","p@""La.su",0.5,6,3,"p@, La, su",6.13154376861259,20.0106243683511,"A"
768,"clown","Spanish","payaso","paˈʝa.so","pa""j\a.so",0.5,6,3,"pa, j\a, so",6.13154376861259,20.7313854565757,"A"
769,"ball","Catalan","pilota","piˈɫɔ.tə","pi""5O.t@",0.333333333333333,6,3,"pi, 5O, t@",6.45259112637955,20.8589005793789,"A, B, C, D"
769,"ball","Spanish","pelota","peˈlo.ta","pe""lo.ta",0.333333333333333,6,3,"pe, lo, ta",6.45259112637955,21.250462861842,"A, B, C, D"
770,"piano","Catalan","piano","piˈa.nu","pi""a.nu",0.6,5,3,"pi, a, nu",5.80527427759712,20.0445759205274,"C"
770,"piano","Spanish","piano","ˈpja.no","""pja.no",0.6,5,2,"pja, no",5.80527427759712,12.6034881566849,"C"
771,"painting","Catalan","pintures","pinˈtu.ɾəs","pin""tu.4@s",0.75,8,3,"pin, tu, 4@s",5.80762388870073,19.6767704958945,"D"
771,"painting","Spanish","pintura","pinˈtu.ɾa","pin""tu.4a",0.75,7,3,"pin, tu, 4a",5.80762388870073,20.0950490070407,"D"
772,"bracelet","Catalan","polsera","puɫˈse.ɾə","pu5""se.4@",0.714285714285714,7,3,"pu5, se, 4@",5.95621594031875,19.2928165142698,"A"
772,"bracelet","Spanish","pulsera","pulˈse.ɾa","pul""se.4a",0.714285714285714,7,3,"pul, se, 4a",5.95621594031875,20.056247499418,"A"
773,"puzzle","Catalan","puzzle","ˈpuz.ɫə","""puz.5@",0.4,5,2,"puz, 5@",6.1477782690265,12.8647561801434,"B"
773,"puzzle","Spanish","puzzle","ˈpuθ.le","""puT.le",0.4,5,2,"puT, le",6.1477782690265,13.0470642609735,"B"
774,"racket","Catalan","raqueta","rəˈkɛ.tə","r@""kE.t@",0.5,6,3,"r@, kE, t@",6.32121102482544,20.9102375668556,"C"
774,"racket","Spanish","raqueta","raˈke.ta","ra""ke.ta",0.5,6,3,"ra, ke, ta",6.32121102482544,21.0640123577957,"C"
775,"rake (object)","Catalan","rastell","rəsˈteʎ","r@s""teL",0.5,6,2,"r@s, teL",5.99116243950972,12.7585293430771,"D"
775,"rake (object)","Spanish","rastrillo","rasˈtɾi.ʎo","ras""t4i.Lo",0.5,8,3,"ras, t4i, Lo",5.99116243950972,19.2413547408823,"D"
776,"drum (object)","Catalan","tambor","təmˈbo","t@m""bo",0.666666666666667,5,2,"t@m, bo",5.94909673861398,12.7218348228547,"A, B, C, D"
776,"drum (object)","Spanish","tambor","tamˈboɾ","tam""bo4",0.666666666666667,6,2,"tam, bo4",5.94909673861398,11.898193477228,"A, B, C, D"
777,"ambulance","Catalan","ambulancia","əm.buˈɫan.si.ə","@m.bu""5an.si.@",0.5,10,5,"@m, bu, 5an, si, @",5.96633260103855,32.9565080511103,"D"
777,"ambulance","Spanish","ambulancia","am.buˈlan.θja","am.bu""lan.Tja",0.5,10,4,"am, bu, lan, Tja",5.96633260103855,24.4425737752091,"D"
779,"airplane","Catalan","avio","ə.βiˈo","@.Bi""o",0.4,4,3,"@, Bi, o",6.06380061795322,20.5644539455392,"A, B, C, D"
779,"airplane","Spanish","avion","aˈβjon","a""Bjon",0.4,5,2,"a, Bjon",6.06380061795322,13.4643004749983,"A, B, C, D"
780,"boat","Catalan","vaixell","bəˈʃeʎ","b@""SeL",0.2,5,2,"b@, SeL",6.05737682181196,12.8304618726448,"A, B, C, D"
780,"boat","Spanish","barco","ˈbaɾ.ko","""ba4.ko",0.2,5,2,"ba4, ko",6.05737682181196,13.5031937189503,"A, B, C, D"
781,"bicycle","Catalan","bici","bi.si","bi.si",0.75,4,2,"bi, si",5.8587901739403,13.4188875460954,"A, B, C, D"
781,"bicycle","Spanish","bici","ˈbi.θi","""bi.Ti",0.75,4,2,"bi, Ti",5.8587901739403,13.3930967810618,"A, B, C, D"
783,"truck","Catalan","camio","kə.miˈo","k@.mi""o",0.5,5,3,"k@, mi, o",6.27601919552345,20.7644352199381,"A, B, C, D"
783,"truck","Spanish","camion","kaˈmjon","ka""mjon",0.5,6,2,"ka, mjon",6.27601919552345,13.7165726588963,"A, B, C, D"
785,"trolley","Catalan","cistellacompra","sisˈte.ʎə","sis""te.L@",0,7,3,"sis, te, L@",5.99863018679516,19.5605647420824,"A, B, C, D"
785,"trolley","Spanish","carrito","kaˈri.to","ka""ri.to",0,6,3,"ka, ri, to",5.99863018679516,21.0018210942891,"A, B, C, D"
786,"car","Catalan","cotxe","ˈkɔ.t͡ʃə","""kO.t͡S@",0.5,6,2,"kO, t͡S@",6.3257540546513,12.8954400962518,"A, B, C, D"
786,"car","Spanish","coche","ˈk.otʃe","""k.otSe",0.5,5,2,"k, otSe",6.3257540546513,12.6515081093026,"A, B, C, D"
788,"trolley","Catalan","cotxet","ku.t͡ʃet","ku.t͡Set",0.444444444444444,7,2,"ku, t͡Set",5.99863018679516,12.9476113139567,"C"
788,"trolley","Spanish","cochecito","ko.tʃeˈθi.to","ko.tSe""Ti.to",0.444444444444444,9,4,"ko, tSe, Ti, to",5.99863018679516,27.7870774510748,"C"
791,"crane","Catalan","grua","ˈɡɾu.ə","""g4u.@",0.5,4,2,"g4u, @",5.84188982292969,13.0461034296063,"B"
791,"crane","Spanish","grua","ˈɡɾw.a","""g4w.a",0.5,4,2,"g4w, a",5.84188982292969,13.2423896799748,"B"
792,"helicopter","Catalan","helicopter","ə.ɫiˈkɔp.tər","@.5i""kOp.t@r",0.4,9,4,"@, 5i, kOp, t@r",5.90715936024038,25.631898236571,"C"
792,"helicopter","Spanish","helicoptero","eliˈkop.te.ɾo","eli""kop.te.4o",0.4,10,4,"eli, kop, te, 4o",5.90715936024038,25.811534148063,"C"
793,"subway","Catalan","metro","ˈmɛ.tɾu","""mE.t4u",0.6,5,2,"mE, t4u",5.98762828828309,11.9752565765662,"D"
793,"subway","Spanish","metro","ˈme.tɾo","""me.t4o",0.6,5,2,"me, t4o",5.98762828828309,12.8337556424029,"D"
794,"motorcycle","Catalan","moto","ˈmo.tu","""mo.tu",0.75,4,2,"mo, tu",6.19534184431144,13.5012518943919,"A, B, C, D"
794,"motorcycle","Spanish","moto","ˈmo.to","""mo.to",0.75,4,2,"mo, to",6.19534184431144,14.0283800846043,"A, B, C, D"
795,"skate (object)","Catalan","patins","pəˈtins","p@""tins",0.714285714285714,6,2,"p@, tins",5.80865062243749,12.7414720854323,"B"
795,"skate (object)","Spanish","patines","paˈti.nes","pa""ti.nes",0.714285714285714,7,3,"pa, ti, nes",5.80865062243749,21.0561368705175,"B"
796,"tractor","Catalan","tractor","tɾəkˈto","t4@k""to",0.714285714285714,6,2,"t4@k, to",6.0717881696916,12.5862063259811,"C"
796,"tractor","Spanish","tractor","tɾakˈtoɾ","t4ak""to4",0.714285714285714,7,2,"t4ak, to4",6.0717881696916,12.4126908536585,"C"
797,"train","Catalan","tren","tɾɛn","t4En",0.75,4,1,"t4En",6.26981452706081,6.26981452706081,"A, B, C, D"
797,"train","Spanish","tren","tɾen","t4en",0.75,4,1,"t4en",6.26981452706081,6.26981452706081,"A, B, C, D"
798,"tricycle","Catalan","tricicle","tɾiˈsi.kɫə","t4i""si.k5@",0.625,8,3,"t4i, si, k5@",5.84608500912241,18.842817870739,"A"
798,"tricycle","Spanish","triciclo","tɾiˈθi.klo","t4i""Ti.klo",0.625,8,3,"t4i, Ti, klo",5.84608500912241,18.8828436403392,"A"
