"id","time","time_stamp","list","age","sex","lp","doe_catalan","doe_spanish","edu_parent"
"54531",1,2020-04-19,"BL-Short-C",31.6386036960986,"male","Monolingual",0.9,0.1,"University"
"54794",1,2020-04-15,"BL-Short-C",29.305954825462,"female","Monolingual",1,0,"University"
"54828",1,2020-06-11,"BL-Short-A",30.7843942505133,"male","Monolingual",1,0,"University"
"54881",1,2020-06-03,"BL-Short-D",29.2073921971253,"female","Bilingual",0.5,0.5,"Complementary"
"54939",1,2020-05-08,"BL-Short-C",28.911704312115,"female","Bilingual",0.2,0.7,"University"
"54966",1,2020-05-16,"BL-Short-D",28.9774127310062,"female","Monolingual",0,0.8,"Vocational"
"54974",1,2020-05-23,"BL-Short-B",29.2402464065708,"male","Bilingual",0.4,0.6,"Vocational"
"54978",1,2020-05-18,"BL-Short-C",28.9774127310062,"female","Monolingual",0.1,0.9,"University"
"55011",1,2020-05-18,"BL-Short-A",28.4517453798768,"male","Monolingual",0.2,0.8,"Vocational"
"55027",1,2020-04-13,"BL-Short-B",27.1375770020534,"male","Bilingual",0.6,0.3,"University"
"55056",1,2020-05-08,"BL-Short-A",27.9917864476386,"male","Monolingual",0.1,0.8,"University"
"55062",1,2020-04-15,"BL-Short-B",26.9075975359343,"female","Monolingual",0.15,0.85,"Vocational"
"55063",1,2020-05-26,"BL-Short-B",28.3203285420945,"female","Bilingual",0.5,0.5,NA
"55064",1,2020-05-26,"BL-Short-B",28.2874743326489,"male","Bilingual",0.6,0.3,"University"
"55080",1,2020-06-01,"BL-Short-C",28.4517453798768,"female","Monolingual",0.8,0.2,"University"
"55103",2,2020-05-30,"BL-Short-B",28.2874743326489,"male","Monolingual",0.8,0.2,"University"
"55129",1,2020-04-12,"BL-Short-C",26.5790554414784,"female","Monolingual",1,0,"University"
"55144",1,2020-06-08,"BL-Short-B",28.35318275154,"male","Monolingual",1,0,"University"
"55146",1,2020-05-28,"BL-Short-A",27.958932238193,"male","Bilingual",0.5,0.5,"University"
"55157",1,2020-06-09,"BL-Short-D",28.2546201232033,"female","Monolingual",0.8,0.2,"University"
"55162",1,2020-06-09,"BL-Short-A",28.2217659137577,"male","Monolingual",1,0,"University"
"55168",1,2020-05-30,"BL-Short-B",27.7946611909651,"female","Bilingual",0.3,0.7,"University"
"55179",1,2020-06-09,"BL-Short-B",28.0246406570842,"male","Monolingual",1,0,"University"
"55181",1,2020-06-10,"BL-Short-C",28.0246406570842,"male","Monolingual",0.8,0.2,"University"
"55217",1,2020-06-07,"BL-Short-C",27.6960985626283,"male","Bilingual",0.3,0.7,"University"
"55220",1,2020-06-07,"BL-Short-C",28.1889117043121,"male","Bilingual",0.5,0.5,"University"
"55246",1,2020-06-08,"BL-Short-A",28.0246406570842,"male","Bilingual",0.5,0.4,"University"
"55281",1,2020-05-22,"BL-Short-A",27.006160164271,"male","Bilingual",0.7,0.3,"Vocational"
"55282",1,2020-05-21,"BL-Short-B",26.9733059548255,"male","Bilingual",0.4,0.6,"Vocational"
"55300",1,2020-04-11,"BL-Short-B",25.3634496919918,"female","Monolingual",1,0,"University"
"55311",1,2020-05-27,"BL-Short-A",26.8090349075975,"female","Bilingual",0.6,0.35,"University"
"55315",1,2020-06-01,"BL-Short-D",26.9075975359343,"female","Bilingual",0.75,0.15,"University"
"55322",1,2020-05-22,"BL-Short-C",26.5133470225873,"male","Monolingual",0,1,"Complementary"
"55332",1,2020-06-03,"BL-Short-B",26.8747433264887,"female","Bilingual",0.4,0.5,"University"
"55336",1,2020-05-28,"BL-Short-D",26.611909650924,"female","Bilingual",0.6,0.4,"University"
"55338",1,2020-06-09,"BL-Short-C",27.006160164271,"male","Monolingual",1,0,"University"
"55352",1,2020-05-30,"BL-Short-A",26.611909650924,"female","Bilingual",0.7,0.3,"University"
"55353",1,2020-05-30,"BL-Short-D",26.5462012320329,"male","Monolingual",1,0,"Vocational"
"55373",1,2020-06-19,"BL-Short-B",26.9733059548255,"male","Monolingual",0.8,0.2,"University"
"55387",1,2020-04-08,"BL-Short-C",24.6078028747433,"male","Bilingual",0.5,0.5,"University"
"55419",1,2020-04-13,"BL-Short-A",24.3449691991786,"male","Bilingual",0.6,0.4,"University"
"55424",1,2020-06-21,"BL-Short-B",26.5462012320329,"male","Monolingual",0.9,0.1,"Complementary"
"55437",1,2020-05-22,"BL-Short-C",25.4620123203285,"female","Monolingual",0.2,0.8,"Vocational"
"55448",1,2020-04-30,"BL-Short-C",24.7063655030801,NA,"Monolingual",0.05,0.85,"University"
"55451",1,2020-05-24,"BL-Short-B",25.4620123203285,"female","Monolingual",0.1,0.9,"University"
"55465",1,2020-05-31,"BL-Short-A",25.6262833675565,"male","Monolingual",0.2,0.8,NA
"55517",1,2020-06-07,"BL-Short-C",25.4948665297741,"female","Monolingual",0.9,0.1,"University"
"55528",1,2020-06-10,"BL-Short-D",25.4948665297741,"female","Monolingual",0.9,0.1,"University"
"55535",1,2020-06-16,"BL-Short-C",28.2546201232033,"male","Monolingual",0.9,0.1,"University"
"55543",1,2020-06-16,"BL-Short-A",25.5934291581109,"male","Bilingual",0.6,0.4,"University"
"55544",1,2020-04-11,"BL-Short-D",23.3921971252567,"male","Bilingual",0.7,0.3,"University"
"55552",1,2020-05-22,"BL-Short-D",24.9363449691992,"female","Bilingual",0.3,0.65,"University"
"55572",1,2020-05-29,"BL-Short-B",24.9691991786448,"female","Monolingual",0.8,0.2,"University"
"55576",2,2020-06-11,"BL-Short-C",25.3634496919918,"male","Bilingual",0.3,0.7,"University"
"55586",1,2020-07-09,"BL-Short-B",26.217659137577,"female","Monolingual",0.2,0.8,"University"
"55591",1,2020-05-18,"BL-Short-A",24.5092402464066,"male","Bilingual",0.3,0.7,"University"
"55623",1,2020-05-24,"BL-Short-D",24.4435318275154,"male","Bilingual",0.5,0.5,"Primary"
"55638",2,2020-06-16,"BL-Short-A",25.2977412731006,"female","Monolingual",0.1,0.9,"Vocational"
"55643",1,2020-06-10,"BL-Short-D",26.5462012320329,"male","Monolingual",1,0,"University"
"55658",1,2020-05-20,"BL-Short-A",24.2135523613963,"female","Monolingual",0.02,0.98,"Vocational"
"55673",1,2020-05-31,"BL-Short-D",24.4435318275154,"female","Monolingual",1,0,"University"
"55686",1,2020-04-08,"BL-Short-A",22.735112936345,"female","Bilingual",0.45,0.55,"University"
"55689",1,2020-05-31,"BL-Short-B",25.6262833675565,"female","Bilingual",0.65,0.35,"University"
"55697",1,2020-05-29,"BL-Short-D",24.2464065708419,"male","Monolingual",0.8,0.2,"University"
"55701",1,2020-06-15,"BL-Short-D",24.8049281314168,"female","Bilingual",0.3,0.7,"University"
"55713",1,2020-04-09,"BL-Short-D",22.4722792607803,"female","Bilingual",0.25,0.75,"Vocational"
"55717",2,2020-06-10,"BL-Short-C",24.5092402464066,"female","Bilingual",0.4,0.5,"University"
"55719",1,2020-06-01,"BL-Short-D",24.1149897330595,"female","Monolingual",0.9,0.1,"University"
"55721",1,2020-06-13,"BL-Short-A",24.5420944558522,"female","Bilingual",0.5,0.5,"University"
"55725",1,2020-06-02,"BL-Short-A",24.1478439425051,"female","Bilingual",0.75,0.25,"University"
"55734",1,2020-06-13,"BL-Short-B",24.476386036961,"female","Monolingual",0,0.9,"Vocational"
"55740",1,2020-06-11,"BL-Short-B",24.3778234086242,"female","Bilingual",0.7,0.3,"University"
"55742",1,2020-04-08,"BL-Short-A",22.2422997946612,"male","Monolingual",0.2,0.8,"University"
"55746",1,2020-04-24,"BL-Short-D",22.735112936345,"male","Monolingual",0.8,0.2,"University"
"55753",1,2020-06-09,"BL-Short-C",24.2792607802875,NA,"Bilingual",0.6,0.4,"Vocational"
"55754",1,2020-06-16,"BL-Short-B",24.476386036961,"female","Bilingual",0.6,0.4,"University"
"55758",1,2020-04-13,"BL-Short-D",22.3408624229979,"female","Bilingual",0.5,0.5,"University"
"55760",2,2020-06-23,"BL-Short-C",24.6406570841889,"male","Bilingual",0.5,0.5,"Secondary"
"55807",1,2020-06-10,"BL-Short-D",23.8850102669405,"male","Monolingual",1,0,"University"
"55813",1,2020-05-07,"BL-Short-D",22.7679671457906,"female","Monolingual",0.8,0.1,"University"
"55816",1,2020-07-01,"BL-Short-B",24.5749486652977,"male","Bilingual",0.4,0.6,"University"
"55819",1,2020-07-01,"BL-Short-B",24.6078028747433,"male","Bilingual",0.45,0.5,"Vocational"
"55838",1,2020-06-05,"BL-Short-B",23.6878850102669,"male","Monolingual",1,0,"University"
"55841",1,2020-06-06,"BL-Short-C",23.6221765913758,"male","Monolingual",0.8,0.15,"University"
"55848",2,2020-05-23,"BL-Short-C",23.0636550308008,"male","Bilingual",0.7,0.3,"Vocational"
"55849",1,2020-06-07,"BL-Short-D",23.5564681724846,"male","Monolingual",0.9,0,"Complementary"
"55850",1,2020-05-29,"BL-Short-A",23.2936344969199,"female","Bilingual",0.6,0.4,"University"
"55851",1,2020-05-14,"BL-Short-B",22.7679671457906,"male","Bilingual",0.7,0.3,"University"
"55856",1,2020-07-02,"BL-Short-C",24.4106776180698,"male","Bilingual",0.3,0.7,"University"
"55863",1,2020-05-31,"BL-Short-B",23.2279260780287,"male","Bilingual",0.4,0.6,"University"
"55872",1,2020-05-13,"BL-Short-C",22.5379876796715,"male","Monolingual",0.95,0.05,"University"
"55891",1,2020-06-07,"BL-Short-B",23.2607802874743,"female","Monolingual",1,0,"University"
"55892",1,2020-05-15,"BL-Short-B",22.5379876796715,"female","Bilingual",0.6,0.35,"University"
"55897",1,2020-05-14,"BL-Short-A",22.3408624229979,"male","Bilingual",0.75,0.25,"Vocational"
"55898",2,2020-06-10,"BL-Short-A",23.2936344969199,"male","Monolingual",0.8,0.2,"Vocational"
"55910",2,2020-04-10,"BL-Short-B",21.0924024640657,"male","Bilingual",0.5,0.5,"Vocational"
"55922",2,2020-06-28,"BL-Short-D",23.8193018480493,"male","Bilingual",0.6,0.4,"Vocational"
"55928",1,2020-06-02,"BL-Short-B",26.9404517453799,"male","Bilingual",0.4,0.6,"University"
"55940",1,2020-06-16,"BL-Short-C",27.006160164271,"male","Bilingual",0.7,0.3,"University"
"55955",2,2020-06-12,"BL-Short-C",23.0636550308008,"female","Monolingual",0.8,0.2,"University"
"55963",1,2020-06-19,"BL-Short-D",23.1950718685832,"female","Bilingual",0.35,0.6,"University"
"55966",2,2020-05-27,"BL-Short-B",22.4394250513347,"male","Bilingual",0.7,0.3,"University"
"55971",2,2020-05-21,"BL-Short-A",22.2094455852156,"female","Monolingual",1,0,"University"
"55977",1,2020-06-08,"BL-Short-A",22.7679671457906,"female","Bilingual",0.6,0.4,"University"
"55979",1,2020-05-24,"BL-Short-B",22.2751540041068,"female","Bilingual",0.6,0.3,"University"
"55995",1,2020-07-13,"BL-Short-D",23.8850102669405,"female","Bilingual",0.3,0.6,"University"
"56001",1,2020-07-09,"BL-Short-A",23.7207392197125,"male","Bilingual",0.7,0.3,"University"
"56026",1,2020-07-06,"BL-Short-D",23.4250513347023,NA,"Bilingual",0.6,0.4,"University"
"56030",1,2020-05-10,"BL-Short-D",21.5195071868583,"female","Bilingual",0.4,0.6,"University"
"56031",2,2020-06-06,"BL-Short-C",22.4065708418891,"female","Bilingual",0.7,0.3,"University"
"56034",2,2020-05-11,"BL-Short-A",21.3223819301848,"male","Monolingual",1,0,"University"
"56039",1,2020-04-07,"BL-Short-C",20.1724845995893,"male","Bilingual",0.3,0.7,"Vocational"
"56046",1,2020-07-06,"BL-Short-B",23.129363449692,"male","Monolingual",0.8,0.2,"University"
"56048",1,2020-06-01,"BL-Short-B",21.388090349076,"male","Bilingual",0.5,0.5,"University"
"56066",1,2020-05-24,"BL-Short-D",20.8952772073922,"male","Monolingual",0.85,0.15,"University"
"56069",1,2020-05-01,"BL-Short-B",20.1067761806982,"male","Bilingual",0.45,0.55,"University"
"56070",2,2020-07-15,"BL-Short-A",22.5051334702259,NA,"Bilingual",0.5,0.5,"University"
"56074",1,2020-05-26,"BL-Short-D",20.8624229979466,"male","Monolingual",0.8,0.2,"University"
"56079",1,2020-05-08,"BL-Short-D",20.3367556468172,"female","Monolingual",1,0,"Complementary"
"56084",1,2020-05-13,"BL-Short-D",20.3696098562628,"female","Bilingual",0.7,0.3,"Vocational"
"56085",1,2020-06-28,"BL-Short-C",21.8480492813142,"male","Bilingual",0.3,0.7,"University"
"56089",1,2020-05-14,"BL-Short-D",20.3039014373717,"female","Monolingual",1,0,"University"
"56091",1,2020-05-12,"BL-Short-B",20.2710472279261,"female","Bilingual",0.6,0.4,"University"
"56093",1,2020-04-07,"BL-Short-A",19.1211498973306,"female","Bilingual",0.5,0.5,"University"
"56106",1,2020-07-08,"BL-Short-D",22.0451745379877,"male","Bilingual",0.5,0.5,"University"
"56111",1,2020-05-27,"BL-Short-C",20.5995893223819,"female","Bilingual",0.5,0.4,"University"
"56126",1,2020-07-02,"BL-Short-A",21.8809034907598,"female","Bilingual",0.5,0.5,"University"
"56129",1,2020-05-30,"BL-Short-D",20.6324435318275,"male","Bilingual",0.3,0.7,"University"
"56132",1,2020-04-15,"BL-Short-D",19.3839835728953,"male","Bilingual",0.6,0.4,"University"
"56137",1,2020-05-28,"BL-Short-D",20.3696098562628,"male","Bilingual",0.5,0.5,"University"
"56139",1,2020-06-19,"BL-Short-C",21.1252566735113,"male","Bilingual",0.4,0.6,"University"
"56140",1,2020-04-01,"BL-Short-A",18.5297741273101,"male","Monolingual",0.1,0.9,"University"
"56144",2,2020-06-11,"BL-Short-D",22.2422997946612,"female","Monolingual",0.8,0.1,"Vocational"
"56150",1,2020-06-04,"BL-Short-B",21.8480492813142,"female","Bilingual",0.6,0.4,"University"
"56156",2,2020-06-08,"BL-Short-C",21.9794661190965,"male","Monolingual",0.9,0.1,NA
"56180",1,2020-05-31,"BL-Short-C",20.4024640657084,"male","Monolingual",1,0,"University"
"56181",1,2020-05-26,"BL-Short-A",20.2710472279261,"male","Bilingual",0.5,0.5,"University"
"56187",1,2020-05-26,"BL-Short-A",20.1724845995893,"male","Monolingual",1,0,"University"
"56201",1,2020-06-02,"BL-Short-B",20.2710472279261,"female","Bilingual",0.25,0.75,"University"
"56210",1,2020-07-13,"BL-Short-D",21.6180698151951,"male","Bilingual",0.3,0.7,"Secondary"
"56220",1,2020-05-16,"BL-Short-A",19.64681724846,"male","Bilingual",0.6,0.4,"Vocational"
"56226",1,2020-04-14,"BL-Short-C",18.5954825462012,"female","Monolingual",0.9,0.1,"University"
"56229",1,2020-06-10,"BL-Short-A",20.4681724845996,"female","Monolingual",0.2,0.8,"University"
"56234",1,2020-07-13,"BL-Short-C",21.4537987679671,"male","Bilingual",0.4,0.6,"University"
"56237",2,2020-11-22,"BL-Lockdown-C",25.7905544147844,"female","Monolingual",0,1,"University"
"56237",1,2020-05-06,"BL-Short-C",19.2197125256674,"female","Monolingual",0,1,"University"
"56315",1,2020-07-14,"BL-Short-D",21.3223819301848,"male","Bilingual",0.3,0.7,"Vocational"
"56317",1,2020-05-25,"BL-Short-A",19.7125256673511,"female","Bilingual",0.5,0.5,"University"
"56322",1,2020-05-07,"BL-Short-B",19.088295687885,"male","Bilingual",0.4,0.6,"Vocational"
"56331",1,2020-07-13,"BL-Short-A",21.2566735112936,"female","Bilingual",0.6,0.4,"University"
"56332",1,2020-05-28,"BL-Short-C",19.7125256673511,"female","Monolingual",0.1,0.9,"University"
"56334",3,2021-05-02,"BL-Lockdown-A",30.7843942505133,"female","Monolingual",0.8,0.15,"University"
"56334",1,2020-04-01,"BL-Short-A",17.7741273100616,"female","Monolingual",1,0,"University"
"56343",1,2020-07-14,"BL-Short-B",21.1581108829569,"female","Bilingual",0.5,0.5,"University"
"56344",3,2021-04-21,"BL-Lockdown-D",30.4229979466119,"female","Monolingual",0.2,0.8,"University"
"56344",2,2021-01-01,"BL-Lockdown-D",26.8090349075975,"female","Monolingual",0.2,0.8,"University"
"56344",1,2020-06-14,"BL-Short-D",20.2053388090349,"female","Monolingual",0.2,0.8,"University"
"56346",2,2020-11-25,"BL-Lockdown-A",25.5934291581109,"male","Monolingual",0.8,0.2,"University"
"56346",1,2020-10-31,"BL-Short-A",24.7720739219713,"male","Monolingual",0.95,0.04,"University"
"56348",1,2020-06-02,"BL-Short-A",19.6139630390144,"male","Monolingual",0.95,0.05,"Vocational"
"56352",3,2021-05-08,"BL-Lockdown-B",30.7843942505133,"male","Bilingual",0.5,0.4,"University"
"56363",2,2020-12-08,"BL-Lockdown-D",25.7577002053388,"female","Monolingual",0.95,0.05,"University"
"56366",2,2021-04-29,"BL-Lockdown-C",30.4558521560575,"female","Bilingual",0.3,0.7,"University"
"56368",1,2020-07-13,"BL-Short-C",20.829568788501,"male","Bilingual",0.5,0.5,"University"
"56371",4,2021-03-22,"BL-Lockdown-A",29.1088295687885,"female","Monolingual",0.98,0.02,"University"
"56371",3,2020-12-11,"BL-Lockdown-A",25.7905544147844,"female","Monolingual",0.95,0.05,"University"
"56371",2,2020-05-28,"BL-Short-A",19.3182751540041,"female","Monolingual",0.85,0.15,"University"
"56374",2,2020-11-26,"BL-Lockdown-D",25.1991786447639,"female","Bilingual",0.4,0.6,"University"
"56382",2,2020-12-09,"BL-Lockdown-A",25.5605749486653,"female","Bilingual",0.5,0.5,"University"
"56382",1,2020-05-07,"BL-Short-A",18.4640657084189,"female","Monolingual",0,1,"Vocational"
"56383",1,2020-04-02,"BL-Short-A",17.2813141683778,"male","Monolingual",0.1,0.8,"Vocational"
"56386",1,2020-05-28,"BL-Short-C",19.1211498973306,"male","Monolingual",0.8,0.05,"University"
"56388",1,2020-04-05,"BL-Short-D",17.3798767967146,"male","Monolingual",1,0,"University"
"56394",1,2020-06-03,"BL-Short-A",19.2854209445585,"male","Monolingual",0.2,0.8,"University"
"56398",1,2020-05-07,"BL-Short-A",18.3983572895277,"female","Bilingual",0.4,0.6,"University"
"56399",2,2020-11-30,"BL-Lockdown-C",25.1991786447639,"female","Monolingual",0.95,0.05,"University"
"56399",1,2020-05-23,"BL-Short-C",18.9240246406571,"female","Monolingual",0.95,0.05,"University"
"56405",1,2020-04-02,"BL-Short-A",17.1827515400411,"male","Bilingual",0.6,0.3,"University"
"56415",1,2020-06-16,"BL-Short-B",19.5482546201232,"male","Monolingual",1,0,"University"
"56431",1,2020-05-17,"BL-Short-A",18.5626283367556,"female","Bilingual",0.75,0.25,"University"
"56444",1,2020-05-20,"BL-Short-B",18.4312114989733,"female","Monolingual",0.8,0.2,"University"
"56450",2,2020-11-26,"BL-Lockdown-D",24.6406570841889,"female","Bilingual",0.6,0.4,"University"
"56458",2,2020-05-29,"BL-Short-B",18.5626283367556,"male","Bilingual",0.6,0.4,"Vocational"
"56464",1,2020-05-25,"BL-Short-B",18.4312114989733,"female","Monolingual",0.05,0.95,"University"
"56465",2,2020-12-03,"BL-Lockdown-C",24.7720739219713,"male","Bilingual",0.3,0.7,"University"
"56465",1,2020-07-01,"BL-Short-C",19.6796714579055,"male","Monolingual",0.2,0.8,"University"
"56470",1,2020-04-08,"BL-Short-B",16.8542094455852,"male","Monolingual",1,0,"University"
"56476",1,2020-06-11,"BL-Short-B",18.8911704312115,"male","Bilingual",0.5,0.5,"No education"
"56477",1,2020-04-01,"BL-Short-C",16.5256673511294,"male","Bilingual",0.6,0.4,"University"
"56481",1,2020-07-02,"BL-Short-A",19.5811088295688,"female","Monolingual",0.2,0.8,"Vocational"
"56485",1,2020-04-18,"BL-Short-D",20.829568788501,"female","Monolingual",0.8,0.2,"University"
"56514",1,2020-04-14,"BL-Short-C",27.006160164271,"female","Bilingual",0.75,0.25,"University"
"56517",1,2020-05-30,"BL-Short-D",18.2669404517454,"female","Bilingual",0.5,0.5,"University"
"56518",1,2020-04-06,"BL-Short-D",16.4599589322382,"female","Bilingual",0.5,0.5,"University"
"56521",2,2020-11-25,"BL-Lockdown-A",24.1478439425051,"female","Bilingual",0.25,0.75,"No education"
"56521",1,2020-06-12,"BL-Short-A",18.694045174538,"female","Bilingual",0.65,0.35,"Vocational"
"56522",1,2020-04-02,"BL-Short-A",16.3285420944559,"male","Bilingual",0.4,0.6,"University"
"56523",2,2020-11-26,"BL-Lockdown-C",24.082135523614,"male","Bilingual",0.5,0.4,"Vocational"
"56523",1,2020-05-28,"BL-Short-C",18.1026694045175,"male","Bilingual",0.65,0.35,"Vocational"
"56527",1,2020-04-07,"BL-Short-C",16.3613963039014,"female","Monolingual",1,0,"University"
"56528",2,2020-12-12,"BL-Lockdown-C",24.5420944558522,"male","Bilingual",0.7,0.3,"University"
"56528",1,2020-04-16,"BL-Short-C",16.6570841889117,"male","Bilingual",0.6,0.4,"University"
"56540",1,2020-05-31,"BL-Short-B",18.1026694045175,"male","Bilingual",0.5,0.4,"University"
"56550",1,2020-05-12,"BL-Short-C",17.3141683778234,"female","Monolingual",0,1,"University"
"56559",1,2020-07-16,"BL-Short-B",19.4168377823409,"male","Bilingual",0.4,0.6,"Vocational"
"56563",1,2020-06-01,"BL-Short-D",17.8726899383984,"female","Bilingual",0.4,0.6,"Secondary"
"56570",1,2020-06-21,"BL-Short-A",18.4312114989733,"female","Bilingual",0.3,0.7,"University"
"56578",1,2020-06-29,"BL-Short-D",18.6283367556468,"female","Bilingual",0.4,0.6,"Vocational"
"56620",1,2020-04-30,"BL-Short-C",16.3285420944559,"female","Bilingual",0.4,0.6,"Vocational"
"56622",1,2020-05-23,"BL-Short-B",17.0841889117043,"male","Monolingual",1,0,"University"
"56628",1,2020-06-03,"BL-Short-C",16.9856262833676,"female","Bilingual",0.6,0.4,"Vocational"
"56632",1,2020-07-13,"BL-Short-B",18.2669404517454,"female","Bilingual",0.7,0.3,"University"
"56635",1,2020-07-23,"BL-Short-C",18.5626283367556,NA,"Monolingual",0.8,0.2,"University"
"56638",1,2020-05-31,"BL-Short-C",16.8542094455852,"female","Monolingual",1,0,"University"
"56684",1,2020-05-15,"BL-Short-B",16.1642710472279,"male","Monolingual",0.85,0.15,"University"
"56695",1,2020-07-13,"BL-Short-C",17.9712525667351,"female","Bilingual",0.4,0.6,"University"
"56697",1,2020-05-14,"BL-Short-A",16.0328542094456,"female","Monolingual",0.9,0.1,"University"
"56701",1,2020-05-14,"BL-Short-C",16.1314168377823,"female","Bilingual",0.7,0.3,"University"
"56711",1,2020-05-14,"BL-Short-A",16.1642710472279,"female","Monolingual",1,0,"University"
"56712",1,2020-03-31,"BL-Short-D",14.6858316221766,"male","Bilingual",0.3,0.7,"University"
"56720",1,2020-04-02,"BL-Short-B",14.5544147843943,"female","Bilingual",0.75,0.25,"University"
"56721",1,2020-04-02,"BL-Short-A",14.5544147843943,"male","Monolingual",0.8,0.2,"University"
"56732",1,2020-03-31,"BL-Short-C",14.4558521560575,"male","Bilingual",0.7,0.3,"University"
"56741",1,2020-06-07,"BL-Short-C",16.6899383983573,"female","Monolingual",0.85,0.05,"University"
"56749",1,2020-04-28,"BL-Short-A",15.2772073921971,"male","Monolingual",0.9,0,"University"
"56750",1,2020-05-09,"BL-Short-D",15.6386036960986,"female","Bilingual",0.4,0.6,"University"
"56755",1,2020-04-29,"BL-Short-D",15.3429158110883,"male","Bilingual",0.4,0.6,"University"
"56762",3,2021-02-13,"BL-Lockdown-D",24.7720739219713,"female","Bilingual",0.7,0.3,"University"
"56766",3,2021-02-23,"BL-Lockdown-A",25.1006160164271,"female","Monolingual",0.9,0.1,"University"
"56766",2,2020-11-19,"BL-Lockdown-A",21.9466119096509,"female","Bilingual",0.7,0.3,"University"
"56766",1,2020-04-05,"BL-Short-A",14.4558521560575,"female","Bilingual",0.7,0.3,"University"
"56772",1,2020-11-27,"BL-Lockdown-D",22.1108829568789,"female","Bilingual",0.5,0.5,"University"
"56788",1,2020-06-06,"BL-Short-A",16.2628336755647,"female","Monolingual",0.8,0.2,"University"
"56809",1,2020-05-07,"BL-Short-A",15.211498973306,"female","Monolingual",0.05,0.95,"University"
"56823",1,2020-06-17,"BL-Short-A",16.4599589322382,"female","Bilingual",0.3,0.7,"University"
"56824",1,2020-06-03,"BL-Short-D",15.9671457905544,"female","Monolingual",0.2,0.8,"Secondary"
"56825",1,2020-04-30,"BL-Short-A",14.9158110882957,"female","Monolingual",0,1,"University"
"56826",1,2020-06-04,"BL-Short-C",16.0328542094456,"female","Bilingual",0.3,0.7,"University"
"56827",1,2020-05-11,"BL-Short-A",15.2772073921971,"male","Monolingual",0.8,0.1,"University"
"56828",1,2020-06-03,"BL-Short-B",16.0328542094456,"male","Monolingual",0.2,0.8,"Secondary"
"56829",1,2020-05-08,"BL-Short-C",15.1129363449692,"male","Monolingual",0.2,0.8,"Vocational"
"56859",1,2020-05-14,"BL-Short-A",15.2443531827515,"male","Monolingual",1,0,"University"
"56860",1,2020-06-14,"BL-Short-D",16.2628336755647,"male","Bilingual",0.45,0.45,"University"
"56876",2,2020-11-25,"BL-Lockdown-A",21.5852156057495,"female","Bilingual",0.75,0.25,"University"
"56876",1,2020-04-06,"BL-Short-A",13.9301848049281,"female","Bilingual",0.75,0.22,"University"
"56889",1,2020-06-03,"BL-Short-A",15.7043121149897,"male","Bilingual",0.6,0.3,"University"
"56898",1,2020-04-29,"BL-Short-C",14.4887063655031,"female","Bilingual",0.25,0.75,"Vocational"
"56911",2,2020-11-14,"BL-Lockdown-D",20.9609856262834,"male","Monolingual",0.85,0.15,"University"
"56911",1,2020-05-16,"BL-Short-D",14.9815195071869,"male","Monolingual",0.8,0.2,"University"
"56934",1,2020-06-05,"BL-Short-A",15.2772073921971,"male","Bilingual",0.3,0.7,"University"
"56937",4,2021-10-03,"BL-Lockdown-B",31.1786447638604,"female","Monolingual",1,0,"University"
"56937",3,2021-03-20,"BL-Lockdown-B",24.7063655030801,"female","Monolingual",0.9,0,"University"
"56937",2,2020-11-14,"BL-Lockdown-B",20.5667351129363,"female","Monolingual",0.95,0,"University"
"56937",1,2020-04-06,"BL-Short-B",13.2731006160164,"female","Monolingual",1,0,"University"
"56945",1,2020-05-19,"BL-Short-B",14.6858316221766,"male","Bilingual",0.5,0.5,"University"
"56958",1,2020-05-21,"BL-Short-C",14.5872689938398,"male","Monolingual",0.8,0.2,"University"
"56970",1,2020-03-31,"BL-Short-B",12.7802874743326,"male","Monolingual",1,0,"University"
"56984",2,2020-12-11,"BL-Lockdown-B",21.0595482546201,"male","Bilingual",0.7,0.3,"Vocational"
"56984",1,2020-06-16,"BL-Short-B",15.211498973306,"male","Bilingual",0.7,0.3,"Vocational"
"56985",2,2020-11-15,"BL-Lockdown-B",20.1724845995893,"female","Monolingual",0.2,0.8,"University"
"56985",1,2020-03-30,"BL-Short-B",12.6160164271047,"female","Monolingual",0.05,0.95,"University"
"56995",1,2020-07-06,"BL-Short-D",15.8028747433265,"male","Monolingual",1,0,"University"
"57001",1,2020-07-01,"BL-Short-A",15.6386036960986,"male","Monolingual",0.2,0.8,"Vocational"
"57008",1,2020-04-12,"BL-Short-A",12.9445585215606,"female","Monolingual",0.8,0.2,"University"
"57016",1,2020-06-04,"BL-Short-B",14.652977412731,"female","Bilingual",0.5,0.5,"University"
"57028",2,2020-12-05,"BL-Lockdown-D",20.5667351129363,"male","Bilingual",0.4,0.6,"University"
"57028",1,2020-03-31,"BL-Short-D",12.3860369609856,"male","Bilingual",0.4,0.6,"University"
"57032",1,2020-06-07,"BL-Short-B",14.5872689938398,"male","Monolingual",1,0,"University"
"57035",1,2020-05-03,"BL-Short-C",13.3716632443532,"female","Monolingual",1,0,"University"
"57039",1,2020-04-20,"BL-Short-A",24.7720739219713,"female","Monolingual",0.8,0.2,"University"
"57046",1,2020-06-03,"BL-Short-B",14.3901437371663,"male","Bilingual",0.5,0.5,"Secondary"
"57047",1,2020-12-06,"BL-Lockdown-D",20.435318275154,"male","Bilingual",0.7,0.3,"University"
"57050",3,2021-04-30,"BL-Lockdown-C",25.1663244353183,"female","Bilingual",0.7,0.3,"University"
"57050",2,2021-01-18,"BL-Lockdown-C",21.8151950718686,"female","Bilingual",0.7,0.3,"University"
"57055",1,2020-03-30,"BL-Short-C",12.1560574948665,"male","Bilingual",0.5,0.5,"Vocational"
"57059",3,2021-10-03,"BL-Lockdown-D",30.258726899384,"female","Monolingual",0.2,0.8,"University"
"57059",2,2021-05-02,"BL-Lockdown-D",25.1991786447639,"female","Monolingual",0.2,0.8,"University"
"57059",1,2020-12-02,"BL-Lockdown-D",20.2381930184805,"female","Monolingual",0.2,0.8,"University"
"57060",1,2020-06-06,"BL-Short-D",14.3572895277207,"female","Monolingual",1,0,"University"
"57074",1,2020-06-04,"BL-Short-B",14.1273100616016,"female","Bilingual",0.3,0.7,"University"
"57079",1,2020-04-27,"BL-Short-B",12.8788501026694,"female","Bilingual",0.6,0.4,"Vocational"
"57092",4,2021-10-21,"BL-Lockdown-D",30.6201232032854,"female","Monolingual",0.8,0.2,"University"
"57092",3,2021-05-10,"BL-Lockdown-D",25.2320328542094,"female","Bilingual",0.7,0.3,"University"
"57092",2,2020-12-23,"BL-Lockdown-D",20.6981519507187,"female","Bilingual",0.75,0.25,"University"
"57099",1,2020-06-13,"BL-Short-A",23.6550308008214,"male","Bilingual",0.7,0.3,"University"
"57118",1,2020-05-02,"BL-Short-B",12.8788501026694,"male","Monolingual",0.2,0.8,"University"
"57157",4,2021-10-16,"BL-Lockdown-B",30.0287474332649,"male","Monolingual",0.95,0.03,"University"
"57157",3,2021-05-26,"BL-Lockdown-B",25.3305954825462,"male","Monolingual",0.95,0,"University"
"57157",2,2021-01-09,"BL-Lockdown-B",20.829568788501,"male","Monolingual",0.9,0.05,"University"
"57157",1,2020-06-18,"BL-Short-B",14.0944558521561,"male","Monolingual",0.8,0.1,"University"
"57165",3,2021-07-05,"BL-Lockdown-A",26.3490759753593,"male","Bilingual",0.25,0.75,"University"
"57165",2,2021-02-20,"BL-Lockdown-A",21.9137577002053,"male","Bilingual",0.3,0.7,"University"
"57170",1,2020-06-07,"BL-Short-D",13.4702258726899,"female","Monolingual",0.95,0,"University"
"57177",4,2021-11-16,"BL-Lockdown-D",30.6201232032854,"male","Bilingual",0.7,0.2,"University"
"57177",1,2020-06-07,"BL-Short-A",13.305954825462,"male","Bilingual",0.5,0.5,"University"
"57191",1,2020-06-09,"BL-Short-B",13.1745379876797,NA,"Monolingual",0.8,0.2,"University"
"57205",1,2020-06-06,"BL-Short-C",13.0431211498973,"male","Monolingual",0.8,0.2,"University"
"57226",1,2020-06-30,"BL-Short-D",13.6016427104723,"male","Monolingual",1,0,"University"
"57227",2,2021-02-14,"BL-Lockdown-A",21.1252566735113,"female","Monolingual",0.8,0.15,"University"
"57227",1,2020-06-30,"BL-Short-A",13.6016427104723,"female","Monolingual",0.95,0.05,"University"
"57240",3,2021-11-29,"BL-Lockdown-A",30.5544147843943,"male","Monolingual",0.8,0.2,"University"
"57240",2,2021-02-21,"BL-Lockdown-A",21.3223819301848,"male","Monolingual",1,0,"University"
"57241",2,2021-07-07,"BL-Lockdown-C",25.82340862423,"male","Bilingual",0.7,0.25,"University"
"57241",1,2021-02-04,"BL-Lockdown-C",20.7967145790554,"male","Bilingual",0.7,0.3,"University"
"57243",1,2021-03-05,"BL-Lockdown-A",21.6837782340862,"female","Monolingual",0.15,0.8,"University"
"57250",3,2021-06-08,"BL-Lockdown-B",24.7063655030801,"female","Bilingual",0.7,0.2,"University"
"57250",2,2021-02-06,"BL-Lockdown-A",20.6981519507187,"female","Bilingual",0.7,0.2,"University"
"57264",2,2021-02-25,"BL-Lockdown-C",21.223819301848,"male","Bilingual",0.5,0.5,"University"
"57274",3,2021-06-24,"BL-Lockdown-B",25.1006160164271,"female","Bilingual",0.7,0.27,"University"
"57274",2,2021-02-21,"BL-Lockdown-B",21.0595482546201,"female","Bilingual",0.6,0.4,"University"
"57293",5,2021-11-27,"BL-Lockdown-A",30.0287474332649,"male","Bilingual",0.65,0.35,"University"
"57293",4,2021-07-24,"BL-Lockdown-A",25.8891170431211,"male","Bilingual",0.7,0.3,"University"
"57293",3,2021-02-27,"BL-Lockdown-A",21.0595482546201,"male","Bilingual",0.7,0.3,"University"
"57296",1,2020-06-05,"BL-Short-D",12.2874743326489,"female","Monolingual",1,0,"University"
"57321",1,2021-03-07,"BL-Lockdown-D",21.1252566735113,"male","Bilingual",0.25,0.75,"University"
"57324",1,2021-02-13,"BL-Lockdown-B",20.3367556468172,"male","Bilingual",0.5,0.5,"University"
"57336",1,2021-03-13,"BL-Lockdown-D",21.1581108829569,"male","Bilingual",0.6,0.4,"University"
"57337",2,2021-11-18,"BL-Lockdown-D",29.305954825462,"female","Bilingual",0.7,0.3,"University"
"57337",1,2021-02-20,"BL-Lockdown-D",20.4024640657084,"female","Monolingual",0.8,0.2,"University"
"57340",3,2021-11-17,"BL-Lockdown-A",29.2731006160164,"male","Bilingual",0.3,0.7,"Vocational"
"57340",2,2021-02-27,"BL-Lockdown-A",20.6324435318275,"male","Monolingual",0.1,0.9,"Vocational"
"57349",1,2021-03-08,"BL-Lockdown-C",21.223819301848,"male","Monolingual",0.1,0.9,"Vocational"
"57374",1,2021-02-19,"BL-Lockdown-D",20.0739219712526,"female","Monolingual",0.1,0.8,"University"
"57427",3,2021-07-06,"BL-Lockdown-B",26.1190965092402,"female","Bilingual",0.6,0.4,"University"
"57427",2,2021-02-07,"BL-Lockdown-B",21.223819301848,"female","Bilingual",0.4,0.6,"University"
"57434",1,2020-04-01,"BL-Short-B",15.6714579055441,"female","Monolingual",1,0,"University"
"57436",4,2021-10-17,"BL-Lockdown-A",30.7843942505133,"male","Bilingual",0.65,0.35,"University"
"57436",3,2021-05-09,"BL-Lockdown-A",25.4948665297741,"male","Bilingual",0.6,0.4,"University"
"57436",2,2020-12-15,"BL-Lockdown-A",20.7310061601643,"male","Bilingual",0.4,0.6,"University"
"57436",1,2020-04-15,"BL-Short-A",12.7145790554415,"male","Bilingual",0.3,0.7,"University"
"57464",2,2022-01-27,"BL-Lockdown-D",30.6201232032854,"female","Bilingual",0.65,0.35,"University"
"57464",1,2021-03-15,"BL-Lockdown-D",20.1724845995893,"female","Bilingual",0.4,0.6,"University"
"57480",3,2022-01-24,"BL-Lockdown-C",30.2915811088296,"female","Bilingual",0.7,0.3,"University"
"57480",2,2021-04-24,"BL-Lockdown-C",21.2566735112936,"female","Bilingual",0.7,0.3,"University"
"57496",1,2020-06-11,"BL-Short-A",31.047227926078,"male","Monolingual",0.8,0.2,"Vocational"
"57534",1,2021-05-17,"BL-Lockdown-B",21.4537987679671,"female","Monolingual",0.95,0.05,"University"
"57537",3,2022-03-22,"BL-Lockdown-B",31.6386036960986,"male","Monolingual",1,0,"Vocational"
"57552",1,2021-06-03,"BL-Lockdown-C",21.4866529774127,"male","Monolingual",1,0,"University"
"57559",3,2022-02-01,"BL-Lockdown-D",29.305954825462,"female","Bilingual",0.4,0.6,"University"
"57559",2,2021-10-26,"BL-Lockdown-D",26.0862422997947,"female","Bilingual",0.35,0.65,"University"
"57559",1,2021-05-25,"BL-Lockdown-D",21.0266940451745,"female","Bilingual",0.35,0.65,"University"
"57566",1,2021-05-26,"BL-Lockdown-C",21.0266940451745,"female","Bilingual",0.75,0.25,"University"
"57595",1,2021-06-27,"BL-Lockdown-A",21.7494866529774,"male","Bilingual",0.5,0.5,"University"
"57597",2,2021-10-24,"BL-Lockdown-D",25.5277207392197,"male","Bilingual",0.5,0.5,"Vocational"
"57597",1,2021-06-20,"BL-Lockdown-D",21.388090349076,"male","Bilingual",0.4,0.6,"Vocational"
"57613",3,2022-01-29,"BL-Lockdown-D",28.4188911704312,"male","Monolingual",1,0,"University"
"57613",1,2021-06-08,"BL-Lockdown-D",20.6981519507187,"male","Monolingual",1,0,"University"
"57642",3,2022-03-14,"BL-Lockdown-B",29.8316221765914,"male","Bilingual",0.5,0.48,"University"
"57642",2,2021-11-23,"BL-Lockdown-B",26.1848049281314,"male","Bilingual",0.49,0.49,"University"
"57660",1,2021-07-01,"BL-Lockdown-B",21.2566735112936,"male","Monolingual",1,0,"University"
"57666",2,2021-11-17,"BL-Lockdown-C",26.2833675564682,"female","Monolingual",0.85,0.15,"University"
"57666",1,2021-06-14,"BL-Lockdown-A",21.1581108829569,"female","Bilingual",0.3,0.7,"University"
"57670",2,2021-10-28,"BL-Lockdown-D",25.0677618069815,"male","Bilingual",0.3,0.7,"Vocational"
"57670",1,2021-06-29,"BL-Lockdown-D",21.0924024640657,"male","Bilingual",0.3,0.7,"Vocational"
"57684",1,2021-07-06,"BL-Lockdown-A",21.0924024640657,"male","Bilingual",0.75,0.25,"University"
"57689",1,2021-06-22,"BL-Lockdown-C",20.5338809034908,"male","Monolingual",1,0,"University"
"57694",1,2020-06-03,"BL-Short-A",16.3613963039014,"male","Bilingual",0.6,0.4,"University"
"57695",1,2020-07-13,"BL-Short-A",18.3655030800821,"female","Monolingual",0.8,0.2,"University"
"57707",3,2022-03-15,"BL-Lockdown-C",29.1745379876797,"female","Bilingual",0.4,0.5,"University"
"57707",1,2021-07-01,"BL-Lockdown-C",20.7310061601643,"female","Bilingual",0.5,0.4,"University"
"57709",3,2022-03-14,"BL-Lockdown-B",29.1416837782341,"male","Bilingual",0.3,0.7,"University"
"57711",1,2020-04-30,"BL-Short-C",21.5852156057495,"female","Monolingual",0,0.9,"University"
"57725",1,2021-12-11,"BL-Lockdown-B",25.8891170431211,"male","Monolingual",0.8,0.2,"University"
"57735",1,2021-12-03,"BL-Lockdown-C",25.5934291581109,"female","Monolingual",0.8,0.2,"University"
"57741",1,2021-12-20,"BL-Lockdown-B",26.0205338809035,"female","Monolingual",1,0,"University"
"57742",2,2022-01-21,"BL-Lockdown-B",27.1047227926078,"female","Bilingual",0.6,0.3,"University"
"57810",1,2020-04-13,"BL-Short-A",12.517453798768,"male","Monolingual",1,0,"University"
"57839",4,2021-11-16,"BL-Lockdown-C",29.4702258726899,"female","Monolingual",1,0,"University"
"57839",3,2021-07-07,"BL-Lockdown-C",25.1334702258727,"female","Monolingual",1,0,"University"
"57839",2,2021-02-26,"BL-Lockdown-C",20.829568788501,"female","Monolingual",1,0,"University"
"57839",1,2020-07-03,"BL-Short-C",13.0102669404517,"female","Monolingual",1,0,"University"
"57885",1,2021-12-04,"BL-Lockdown-A",24.870636550308,"female","Bilingual",0.6,0.4,"Complementary"
"57908",4,2022-07-05,"BL-Lockdown-D",30.5872689938398,"female","Bilingual",0.6,0.4,"University"
"57908",2,2022-02-12,"BL-Lockdown-D",25.8891170431211,"female","Bilingual",0.7,0.3,"University"
"57914",2,2022-05-30,"BL-Lockdown-B",29.4045174537988,"male","Bilingual",0.7,0.3,"University"
"57914",1,2022-03-17,"BL-Lockdown-B",26.9733059548255,"male","Monolingual",0.85,0.15,"University"
"57919",2,2022-06-24,"BL-Lockdown-B",30.1601642710472,"female","Bilingual",0.6,0.4,"University"
"57919",1,2022-01-31,"BL-Lockdown-C",25.429158110883,"female","Bilingual",0.6,0.4,"University"
"57943",2,2022-07-02,"BL-Lockdown-B",30.3901437371663,"female","Monolingual",0.2,0.8,"University"
"58000",2,2022-06-01,"BL-Lockdown-C",28.517453798768,"female","Bilingual",0.6,0.4,"University"
"58012",1,2022-02-10,"BL-Lockdown-D",25.3305954825462,"male","Bilingual",0.6,0.4,"University"
"58034",1,2021-01-28,"BL-Lockdown-D",12.0574948665298,"female","Monolingual",0.2,0.8,"University"
"58037",1,2021-02-05,"BL-Lockdown-B",12.2874743326489,"female","Bilingual",0.25,0.75,"University"
"58048",1,2021-02-02,"BL-Lockdown-C",12.4845995893224,"female","Bilingual",0.7,0.3,"University"
"58049",3,2022-03-21,"BL-Lockdown-C",30.1601642710472,"male","Monolingual",0.8,0.15,"University"
"58049",2,2021-11-24,"BL-Lockdown-C",26.3162217659138,"male","Monolingual",1,0,"University"
"58049",1,2021-07-06,"BL-Lockdown-C",21.6837782340862,"male","Monolingual",1,0,"University"
"58067",1,2021-02-15,"BL-Lockdown-D",12.35318275154,NA,"Bilingual",0.7,0.3,"Vocational"
"58068",2,2022-04-09,"BL-Lockdown-D",26.1519507186858,"female","Bilingual",0.75,0.25,"University"
"58068",1,2021-02-04,"BL-Lockdown-D",12.0574948665298,"female","Bilingual",0.7,0.3,"University"
"58088",2,2022-10-09,"BL-Lockdown-B",31.9014373716632,"male","Bilingual",0.6,0.4,"Secondary"
"58088",1,2022-03-17,"BL-Lockdown-B",25.1334702258727,"male","Bilingual",0.6,0.4,"Secondary"
"58128",3,2022-03-17,"BL-Lockdown-C",24.8377823408624,"female","Bilingual",0.4,0.6,"University"
"58132",1,2022-03-15,"BL-Lockdown-A",24.6406570841889,"female","Bilingual",0.6,0.35,"University"
"58139",1,2022-10-08,"BL-Lockdown-C",31.4086242299795,"female","Monolingual",0.8,0.2,"University"
"58176",2,2022-10-25,"BL-Lockdown-A",31.7043121149897,"male","Bilingual",0.25,0.75,"University"
"58190",2,2022-04-03,"BL-Lockdown-D",24.8049281314168,"male","Bilingual",0.4,0.5,"University"
"58190",1,2021-12-21,"BL-Lockdown-D",21.4209445585216,"male","Bilingual",0.4,0.5,"University"
"58197",1,2020-04-12,"BL-Short-D",12.4188911704312,"male","Bilingual",0.4,0.6,"University"
"58202",1,2020-04-06,"BL-Short-B",22.17659137577,"female","Monolingual",0,1,"University"
"58206",1,2020-04-23,"BL-Short-A",14.5872689938398,"female","Monolingual",0,1,"University"
"58214",1,2020-04-09,"BL-Short-B",23.4579055441478,"male","Bilingual",0.7,0.3,"Vocational"
"58217",1,2020-04-10,"BL-Short-C",25.1006160164271,"female","Monolingual",0.85,0.15,"Vocational"
"58228",1,2020-04-24,"BL-Short-D",28.7474332648871,"female","Bilingual",0.6,0.4,"University"
"58232",1,2020-04-26,"BL-Short-A",27.7289527720739,"female","Bilingual",0.3,0.7,"University"
"58265",1,2022-10-09,"BL-Lockdown-C",29.305954825462,"male","Bilingual",0.6,0.4,"University"
"58276",1,2020-11-10,"BL-Lockdown-D",26.2505133470226,"male","Monolingual",0,1,"University"
"58286",1,2022-02-06,"BL-Lockdown-C",21.0595482546201,"male","Bilingual",0.4,0.55,"University"
"58298",2,2022-10-08,"BL-Lockdown-C",29.3716632443532,"female","Monolingual",1,0,"University"
"58298",1,2022-05-26,"BL-Lockdown-C",24.9363449691992,"female","Monolingual",0.9,0.1,"University"
"58304",1,2022-03-02,"BL-Lockdown-B",24.7392197125257,"male","Bilingual",0.55,0.4,"University"
"58308",1,2022-06-23,"BL-Lockdown-C",20.4681724845996,"female","Monolingual",0,1,"University"
"58328",2,2021-03-26,"BL-Lockdown-C",21.4209445585216,"female","Monolingual",0.85,0.15,"University"
"58328",1,2020-12-02,"BL-Lockdown-C",17.6755646817248,"female","Monolingual",0.8,0.2,"University"
"58333",1,2022-06-28,"BL-Lockdown-D",20.6981519507187,"male","Bilingual",0.6,0.4,"University"
"58361",1,2022-06-22,"BL-Lockdown-A",24.3778234086242,"male","Bilingual",0.25,0.75,"University"
"58372",1,2022-01-08,"BL-Lockdown-A",24.5420944558522,"male","Bilingual",0.65,0.3,"University"
"58406",1,2022-02-08,"BL-Lockdown-A",29.5687885010267,"female","Bilingual",0.4,0.55,"Vocational"
"58420",1,2022-10-08,"BL-Lockdown-A",31.4086242299795,"female","Monolingual",0.95,0.05,"University"
"58435",1,2022-04-21,"BL-Lockdown-A",21.2895277207392,"male","Bilingual",0.4,0.6,"University"
"58523",1,2022-04-04,"BL-Lockdown-D",20.4024640657084,"male","Bilingual",0.3,0.7,"University"
"58551",1,2022-03-20,"BL-Lockdown-A",22.1108829568789,"male","Bilingual",0.3,0.7,"Vocational"
"58681",1,2022-02-28,"BL-Lockdown-A",21.3552361396304,"male","Bilingual",0.7,0.3,"University"
"58720",1,2022-03-28,"BL-Lockdown-C",24.2792607802875,"female","Bilingual",0.7,0.3,"University"
"58724",1,2022-05-26,"BL-Lockdown-A",25.264887063655,"female","Bilingual",0.6,0.35,"University"
"58725",2,2022-10-07,"BL-Lockdown-D",24.7720739219713,"male","Bilingual",0.75,0.25,"University"
"58725",1,2022-05-23,"BL-Lockdown-A",20.2710472279261,"male","Monolingual",0.9,0.1,"University"
"58746",1,2022-06-01,"BL-Lockdown-D",20.6652977412731,"female","Monolingual",0.9,0.1,"University"
"58860",1,2022-02-04,"BL-Lockdown-B",20.5338809034908,"male","Bilingual",0.7,0.25,"University"
"59175",1,2022-10-31,"BL-Lockdown-C",20.4024640657084,"female","Bilingual",0.4,0.6,"University"
"59385",1,2022-10-26,"BL-Lockdown-B",22.2422997946612,"male","Monolingual",0.95,0.05,"University"
"BL1318",1,2020-06-12,"BL-Short-C",18.3326488706366,NA,"Monolingual",0.8,0.1,"University"
"BL1332",1,2020-06-22,"BL-Short-A",31.9342915811088,NA,"Monolingual",0.8,0.1,NA
"BL1369",1,2020-06-26,"BL-Short-B",18.4312114989733,NA,"Monolingual",0.2,0.8,"University"
"BL1370",1,2020-06-22,"BL-Short-C",21.2566735112936,NA,"Monolingual",0.2,0.8,"University"
"BL1374",1,2020-06-24,"BL-Short-B",19.7453798767967,NA,"Monolingual",0.8,0.2,"Vocational"
